주차장명,유무료구분명,야간무료개방여부명,"토요일 유,무료 구분명","공휴일 유,무료 구분명",위도,경도,주소
초안산근린공원주차장(구),유료,야간 미개방,무료,무료,37.64927895,127.0404744,도봉구
마들스타디움(근린공원)(구),유료,야간 미개방,무료,무료,37.64391748,127.0585674,노원구
마장동(건물) 공영주차장(구),유료,야간 미개방,무료,무료,37.56993875,127.0351452,성동구
영등포여고 공영(구),유료,야간 미개방,무료,무료,37.51520496,126.915116,영등포구
당산근린공원 공영(구),유료,야간 미개방,무료,무료,37.52552609,126.8957941,영등포구
대림운동장(구),유료,야간 미개방,무료,무료,37.49965667,126.8948384,영등포구
중산공영주차장(구),유료,야간 미개방,무료,무료,37.56867158,127.0589207,동대문구
방학동 도깨비시장 공영주차장(구),유료,야간 미개방,무료,무료,37.6645806,127.0339057,도봉구
은평평화공원(구),유료,야간 미개방,무료,무료,37.60573659,126.9231083,은평구
압구정 428 공영주차장(구),유료,야간 미개방,무료,무료,37.52701729,127.0264712,강남구
신림동공영주차장(구),유료,야간 미개방,무료,무료,37.48736246,126.9234342,관악구
포이초교 공영주차장(구),유료,야간 미개방,무료,무료,37.47564571,127.052365,강남구
수유2동 공영주차장(구),유료,야간 미개방,무료,무료,37.64603214,127.0219081,강북구
송중동(임시)공영주차장(구),유료,야간 미개방,무료,무료,37.61105539,127.0334978,강북구
바람개비주차장(구),유료,야간 미개방,유료,유료,37.53033824,126.8742749,양천구
구로디지털단지역 공영주차장(시),유료,야간 미개방,무료,무료,37.48543179,126.9012433,구로구
상계2동 공영주차장(구),유료,야간 미개방,무료,무료,37.6567376,127.067531,노원구
논현로22길(시),유료,야간 미개방,무료,무료,37.48150119,127.0478133,강남구
신당동 공영주차장(구),유료,야간 미개방,무료,무료,37.56204618,127.0144272,중구
남산동 공영주차장(구),유료,야간 미개방,무료,무료,37.55923691,126.985624,중구
불암산 공영주차장(구),유료,야간 미개방,유료,유료,37.66192599,127.0793403,노원구
역삼1문화센터 공영주차장(구),유료,야간 미개방,무료,무료,37.49534845,127.0332376,강남구
언북초교 공영주차장(구),유료,야간 미개방,무료,무료,37.51999434,127.0456589,강남구
삼성1문화센터 공영주차장(구),유료,야간 미개방,무료,무료,37.51434435,127.0626519,강남구
논현초교 공영주차장(구),유료,야간 미개방,무료,무료,37.50822463,127.0262625,강남구
언주초 공영주차장(구),유료,야간 미개방,무료,무료,37.48664435,127.0370504,강남구
연광초교지하공동주차장(구),유료,야간 미개방,무료,무료,37.62387156,126.9242215,은평구
구파발역 공영주차장(시),유료,야간 미개방,무료,무료,37.63800702,126.9193218,은평구
살곶이(평면) 공영주차장(구),유료,야간 미개방,무료,무료,37.55384954,127.0482917,성동구
응봉역공영주차장(구),무료,야간 미개방,유료,유료,37.55039155,127.0344811,성동구
마장축산물시장(건물) 공영주차장(구),유료,야간 미개방,무료,무료,37.571538,127.039926,성동구
볏골공원 지하공영주차장(구),유료,야간 미개방,유료,유료,37.54149243,126.844396,강서구
한누리(구),유료,야간 미개방,무료,무료,37.47743578,126.9770784,동작구
동작주차공원(구),유료,야간 미개방,무료,무료,37.50309257,126.9782686,동작구
신사동 제1공영주차장(구),유료,야간 미개방,무료,무료,37.48444431,126.915461,관악구
길음역환승주차장(구),유료,야간 미개방,무료,무료,37.60423761,127.0258183,성북구
잠원동방음언덕형공영주차장(구),유료,야간 미개방,무료,무료,37.51638775,127.0163891,서초구
반포2동 공영주차장(구),유료,야간 미개방,무료,무료,37.50421414,126.9954231,서초구
반포서래공영주차장[서래마을 3호점](구),유료,야간 미개방,무료,무료,37.49814931,126.9978319,서초구
청계산 청룡주차장(구),유료,야간 미개방,무료,무료,37.44657405,127.0598862,서초구
봉천복개3 공영주차장(시),유료,야간 미개방,무료,유료,37.48811293,126.9312942,관악구
독산동 금천교 공영주차장(시),유료,야간 미개방,무료,유료,37.46654112,126.8899593,금천구
신답고가 주변(구),유료,야간 미개방,무료,유료,37.57023162,127.050032,동대문구
동부청과 공영주차장(시),유료,야간 미개방,무료,무료,37.57735487,127.0447018,동대문구
동대문소방서노상(구),유료,야간 미개방,무료,유료,37.56399275,127.0671773,동대문구
여의도공원앞1 노상주차장(구),유료,야간 미개방,무료,유료,37.52404698,126.9175843,영등포구
청계2(북2) 공영주차장(시),유료,야간 미개방,무료,유료,37.56882965,126.9963054,종로구
청계3(북1) 공영주차장(시),유료,야간 미개방,무료,유료,37.56919089,126.9986443,종로구
가마산고가밑 공영주차장(시),유료,야간 미개방,무료,유료,37.49283218,126.8824385,구로구
청계3(남) 공영주차장(시),유료,야간 미개방,무료,유료,37.56904563,126.9996694,중구
청계6(청평화) 공영주차장(시),유료,야간 미개방,무료,유료,37.56960075,127.015214,중구
청계2(남) 공영주차장(시),유료,야간 미개방,무료,유료,37.5682559,126.9934303,중구
청계1(남) 공영주차장(시),유료,야간 미개방,무료,유료,37.56816293,126.9918994,중구
남대문 화물 공영주차장(시),유료,야간 미개방,무료,무료,37.56096448,126.9781343,중구
중앙일보사옆 관광버스전용 주차장(시),무료,야간 미개방,유료,유료,37.56130762,126.9718927,중구
한진면세점앞 노상 공영주차장(구),유료,야간 미개방,무료,유료,37.55630227,126.975572,중구
해운센터빌딩 앞 노상 공영주차장(구),유료,야간 미개방,무료,유료,37.56312811,126.9807402,중구
신설동 공영주차장(시),유료,야간 미개방,무료,무료,37.57252061,127.0242568,동대문구
천호2동노외주차장(구),유료,야간 미개방,무료,무료,37.54032781,127.1230483,강동구
구의3동 공영주차장(구),유료,야간 미개방,무료,무료,37.5391245,127.0913897,광진구
광진광장 공영주차장(구),유료,야간 미개방,무료,무료,37.54770648,127.0732696,광진구
암사1동(구),유료,야간 미개방,무료,무료,37.55284955,127.1380234,강동구
양화진 공영주차장(구),유료,야간 미개방,무료,무료,37.545733,126.9112039,마포구
망원1-2 공영주차장(구),유료,야간 미개방,무료,무료,37.55558459,126.9058731,마포구
덕원주차장(구),유료,야간 미개방,무료,무료,37.5623712,127.0687626,동대문구
청계주차장(구),유료,야간 미개방,무료,유료,37.57223438,127.0342946,동대문구
영등포동제3공영(구),유료,야간 미개방,무료,무료,37.517985,126.902785,영등포구
신길1동공영(구),무료,야간 미개방,유료,유료,37.5102769,126.9186371,영등포구
청파동1마을공원공영주차장(구),유료,야간 미개방,무료,무료,37.54294115,126.9684714,용산구
청파동청사(구),유료,야간 미개방,무료,무료,37.54549939,126.9699178,용산구
용산전자상가4(구),유료,야간 미개방,무료,무료,37.53388844,126.9600572,용산구
영등포구청역 공영주차장(시),유료,야간 미개방,무료,무료,37.52432737,126.8954889,영등포구
잠실역 공영주차장(시),유료,야간 미개방,무료,무료,37.51427683,127.1034141,송파구
장안2동 공영주차장(시),유료,야간 미개방,무료,무료,37.5782752,127.070619,동대문구
해방촌노외 공영주차장(시),유료,야간 미개방,무료,무료,37.54438297,126.9843042,용산구
당산노외 공영주차장(시),유료,야간 미개방,무료,무료,37.52625065,126.8994538,영등포구
명일동 공영주차장(시),유료,야간 미개방,무료,유료,37.55361065,127.1559121,강동구
도곡로21길 7 공영주차장(구),유료,야간 미개방,무료,무료,37.49250002,127.0388068,강남구
탄천제2호 공영주차장(구),유료,야간 미개방,무료,무료,37.49403327,127.087416,강남구
영희초교 공영주차장(구),유료,야간 미개방,무료,무료,37.49192117,127.0812916,강남구
배봉공영주차장(구),유료,야간 미개방,무료,무료,37.58693739,127.0620858,동대문구
하늘공원주차장(구),유료,야간 미개방,무료,무료,37.48713079,126.8808015,구로구
개봉1동마을공동주차장(구),유료,야간 미개방,유료,유료,37.50455714,126.8460846,구로구
개봉1동 노외주차장(구),유료,야간 미개방,무료,무료,37.50001376,126.8510351,구로구
양재시민의숲(매헌)역 공영주차장(구),유료,야간 미개방,무료,무료,37.47037133,127.0385513,서초구
송정동(건물) 공영주차장(구),유료,야간 미개방,무료,무료,37.549976,127.0680728,성동구
동작대교 공영주차장(시),유료,야간 미개방,무료,무료,37.518577,126.983287,용산구
망원동 공영주차장(시),유료,야간 미개방,무료,무료,37.55955925,126.9066011,마포구
개화역 공영주차장(시),유료,야간 미개방,무료,무료,37.57798421,126.7982122,강서구
신대방역 공영주차장(시),유료,야간 미개방,무료,무료,37.48830327,126.9145228,관악구
구로디지털단지역(상) 공영주차장(시),유료,야간 미개방,무료,무료,37.48481135,126.9032339,관악구
학여울 공영주차장(시),유료,야간 미개방,무료,무료,37.49705092,127.0723954,강남구
일원터널 공영주차장(시),유료,야간 미개방,무료,무료,37.48285728,127.079372,강남구
창동역(서) 공영주차장(시),유료,야간 미개방,무료,무료,37.65237042,127.0456768,도봉구
청암공영주차장(무인)(구),무료,야간 미개방,유료,유료,37.62472117,127.0153864,강북구
은혜공영주차장(무인)(구),무료,야간 미개방,유료,유료,37.62796164,127.0169995,강북구
송천동공영주차장(구),유료,야간 미개방,무료,무료,37.61458475,127.0251644,강북구
수유일공원공영주차장(구),유료,야간 미개방,무료,무료,37.63061186,127.0174307,강북구
번2동 공영주차장(무인)(구),무료,야간 미개방,유료,유료,37.62683533,127.0367553,강북구
미아동공영주차장(구),유료,야간 미개방,무료,무료,37.6285679,127.0223596,강북구
수유동쌈지마당공영주차장(구),유료,야간 미개방,무료,무료,37.63207449,127.0236192,강북구
당곡중학교공영 (지하주차장)(구),유료,야간 미개방,무료,무료,37.49190539,126.9330035,관악구
석계역 공영주차장(시),유료,야간 미개방,무료,무료,37.615292,127.062997,노원구
새서울주차장(시),유료,야간 미개방,무료,무료,37.45328014,126.902969,금천구
한마음주차장(구),유료,야간 미개방,무료,무료,37.53067739,126.8778804,양천구
적선동 주차장(시),유료,야간 미개방,무료,무료,37.57449014,126.9741859,종로구
해군본부앞 공영주차장(시),유료,야간 미개방,무료,유료,37.50428687,126.9209473,영등포구
가산동 금천교 공영주차장(시),유료,야간 미개방,무료,유료,37.46597244,126.8870689,금천구
당산고가밑 공영주차장(시),유료,야간 미개방,무료,유료,37.53258231,126.9008395,영등포구
을지로 공영주차장(시),유료,야간 미개방,무료,유료,37.56671375,127.0007715,중구
연신중학교지하공동주차장(구),유료,야간 미개방,무료,무료,37.6232864,126.9250857,은평구
구청앞(구),유료,야간 미개방,무료,무료,37.63875948,127.0252192,강북구
신길5동 공영(구),유료,야간 미개방,무료,무료,37.5022256,126.9048131,영등포구
남산공원 소월로 관광버스전용 주차장(시),무료,야간 미개방,유료,유료,37.55399553,126.9789082,중구
탑골공원 관광버스전용 주차장(시),무료,야간 미개방,유료,유료,37.57126963,126.987766,종로구
청계산근린광장(구),유료,야간 미개방,무료,무료,37.44649791,127.0561579,서초구
강일동공영주차장(구),유료,야간 미개방,무료,무료,37.56645809,127.1722653,강동구
이경시장 공영주차장(구),유료,야간 미개방,무료,유료,37.59623767,127.0656343,동대문구
번동 햇살 주차장(구),유료,야간 미개방,무료,무료,37.62509512,127.0334319,강북구
봉수대공영주차장(구),유료,야간 미개방,유료,유료,37.61638404,127.1123001,중랑구
공단본부(구),유료,야간 미개방,유료,유료,37.53034734,126.8713663,양천구
양천사회단체봉사센터(구),유료,야간 미개방,유료,유료,37.53187194,126.875464,양천구
목동타운홀(구),유료,야간 미개방,유료,유료,37.53292894,126.8768775,양천구
마천동 3공영주차장(구),유료,야간 미개방,무료,무료,37.49615427,127.1498486,송파구
문정 공영주차장(구),유료,야간 미개방,무료,무료,37.49122464,127.1346929,송파구
대림노외 공영주차장(시),유료,야간 미개방,무료,무료,37.4928472,126.8943315,구로구
도봉산역 공영주차장(시),유료,야간 미개방,무료,무료,37.68972069,127.0448386,도봉구
수서역남 공영주차장(시),유료,야간 미개방,무료,무료,37.4868589,127.1011147,강남구
남부골목 전통시장 고객주차장(구),유료,야간 미개방,무료,유료,37.53231129,126.8608566,강서구
까치산 전통시장 고객주차장(구),유료,야간 미개방,무료,유료,37.53154144,126.847861,강서구
송화골목 전통시장 고객주차장(구),유료,야간 미개방,무료,유료,37.54910323,126.8346531,강서구
가로공원로 지하 주차장(구),유료,야간 미개방,유료,유료,37.53758251,126.8393482,강서구
동대문 공영주차장(시),유료,야간 미개방,무료,무료,37.56710187,127.0121411,중구
큰마을길(구),유료,야간 미개방,무료,무료,37.62339818,127.024816,강북구
교육청길(구),유료,야간 미개방,무료,무료,37.6217242,127.0287898,강북구
신문로 공영주차장(시),유료,야간 미개방,무료,무료,37.57107424,126.9731594,종로구
서울글로벌센터 공영주차장(시),유료,야간 미개방,유료,유료,37.56983402,126.9815059,종로구
용답제2(평면) 공영주차장(구),유료,야간 미개방,무료,무료,37.56328524,127.056283,성동구
신교공영(구),유료,야간 미개방,무료,무료,37.58411794,126.9698478,종로구
오류1동 텃골주차장(구),유료,야간 미개방,무료,무료,37.4954652,126.8392484,구로구
천왕역 공영주차장(시),유료,야간 미개방,무료,무료,37.48728845,126.8391832,구로구
중곡시장주차장(구),유료,야간 미개방,무료,무료,37.56387377,127.0819848,광진구
매바위 공영주차장(구),유료,야간 미개방,무료,무료,37.58652245,126.9210871,은평구
자양전통시장 공영주차장(구),유료,야간 미개방,무료,무료,37.53380376,127.0816039,광진구
견인보관소(구),유료,야간 미개방,무료,무료,37.58901132,127.0691229,동대문구
구룡 공영주차장(구),유료,야간 미개방,무료,무료,37.43718971,126.9042102,금천구
다목적 공영주차장(구),유료,야간 미개방,무료,무료,37.47633196,126.9018971,금천구
영등포본동제2공영(구),유료,야간 미개방,무료,무료,37.51332538,126.9140778,영등포구
면목초교주자창(구),유료,야간 미개방,무료,무료,37.58919215,127.0757948,중랑구
방배열린문화센터 공영주차장(구),유료,야간 미개방,무료,무료,37.48895873,126.9923298,서초구
풍납유수지공영주차장(구),유료,야간 미개방,무료,무료,37.52529597,127.1060433,송파구
나눔터길 노상공영(구),유료,야간 미개방,무료,무료,37.63511674,127.0193453,강북구
서강대역 환승 공영주차장(구),유료,야간 미개방,유료,유료,37.55102716,126.9364628,마포구
남부초등학교(지하주차장)(구),유료,야간 미개방,무료,무료,37.48490117,126.9221154,관악구
마장축산물시장 서문(건물) 공영주차장(구),유료,야간 미개방,무료,무료,37.5704876,127.0383274,성동구
다산아트 공영주차장(구),유료,야간 미개방,무료,무료,37.55167324,127.0047041,중구
DDP북측 마장로 관광버스전용 주차장(시),무료,야간 미개방,유료,유료,37.5683053,127.0106377,중구
영등포구청별관 공영주차장(구),유료,야간 미개방,무료,무료,37.528464,126.89437,영등포구
동국제강 공영주차장(시),유료,야간 미개방,무료,유료,37.56733736,126.9834345,중구
남대문 초입 관광버스전용 주차장(시),무료,야간 미개방,유료,유료,37.55939137,126.975876,중구
남대문 시장 관광버스전용 주차장(시),무료,야간 미개방,유료,유료,37.55944157,126.9756159,중구
고척근린공원지하주차장(구),유료,야간 미개방,무료,무료,37.50559235,126.8519725,구로구
구로4동 주택가 공동 주차장(구),유료,야간 미개방,무료,무료,37.48968656,126.886952,구로구
한남동 공영주차장(구),유료,야간 미개방,무료,무료,37.53496611,127.0001918,용산구
독산4동 공영주차장(구),유료,야간 미개방,무료,무료,37.46943849,126.9045065,금천구
가산디지털 서측(구),유료,야간 미개방,무료,무료,37.48568215,126.879693,금천구
영남 공영주차장(시),유료,야간 미개방,무료,무료,37.51947074,126.902609,영등포구
수유마을시장 공영주차장(구),유료,야간 미개방,무료,무료,37.63066419,127.0218459,강북구
시흥 4동 공영주차장(구),유료,야간 미개방,무료,무료,37.4594198,126.9087125,금천구
시흥 4동 (삼성)공영주차장(구),유료,야간 미개방,무료,무료,37.45459691,126.9090117,금천구
도곡초 공영주차장(구),유료,야간 미개방,무료,무료,37.49906096,127.0546851,강남구
서울놀이마당 공영주차장(구),유료,야간 미개방,무료,무료,37.508894,127.097779,송파구
신구초 공영주차장(구),유료,야간 미개방,무료,무료,37.52309456,127.0242926,강남구
역삼문화공원 공영주차장(구),유료,야간 미개방,무료,무료,37.50229995,127.0300608,강남구
천마 공영주차장(구),유료,야간 미개방,무료,무료,37.500313,127.154959,송파구
보라매공원동문주차장(구),유료,야간 미개방,무료,무료,37.493639,126.922978,동작구
빙수골장미(구),유료,야간 미개방,무료,무료,37.49317759,126.9340176,동작구
탄천(구),유료,야간 미개방,무료,무료,37.51248895,127.0692615,송파구
도산대로25길 32 공영주차장(구),유료,야간 미개방,유료,유료,37.52166886,127.0267945,강남구
방이고분 공영주차장(구),유료,야간 미개방,무료,무료,37.50794057,127.118192,송파구
가재울 공영주차장(구),유료,야간 미개방,무료,무료,37.63735694,127.0733182,노원구
송파나루공원 동호주차장(구),유료,야간 미개방,유료,유료,37.513126,127.106376,송파구
엔젤데이케이센터 지하주차장(구),무료,야간 미개방,유료,유료,37.48266125,126.970361,동작구
송파근린공원(구),유료,야간 미개방,무료,무료,37.506513,127.109587,송파구
한국통신(구),유료,야간 미개방,무료,유료,37.5282321,126.8719927,양천구
중구구민회관 부설(구),유료,야간 미개방,무료,무료,37.56862553,127.0060115,중구
신길6동공영(구),유료,야간 미개방,무료,무료,37.50246528,126.9111455,영등포구
경부제3녹지공영주차장(구),유료,야간 미개방,무료,무료,37.51357817,126.92347,영등포구
경동고(구),유료,야간 미개방,무료,무료,37.58574745,127.014984,성북구
정릉시장(구),유료,야간 미개방,무료,무료,37.60821867,127.0094212,성북구
청계7가 공영주차장(시),유료,야간 미개방,무료,유료,37.57023639,127.0167509,종로구
동순라길(종묘) 관광버스전용 주차장(시),무료,야간 미개방,유료,유료,37.57290137,126.9967881,종로구
세운상가밑(구),유료,야간 미개방,무료,유료,37.56901767,126.9950579,종로구
태화관(구),유료,야간 미개방,무료,유료,37.5723083,126.9845854,종로구
동일상가아파트 이륜전용주차장(구),무료,야간 미개방,유료,유료,37.57147056,127.019215,종로구
숭인상가아파트 이륜전용주차장(구),무료,야간 미개방,유료,유료,37.57208153,127.0207243,종로구
필운대로 도미노피자앞 이륜차주차장(구),무료,야간 미개방,유료,유료,37.57984909,126.9686409,종로구
낙산성곽 버스전용 주차장(구),무료,야간 미개방,유료,유료,37.58025229,127.009896,종로구
열린마당(구),유료,야간 미개방,무료,유료,37.57534073,126.9787157,종로구
종각(구),유료,야간 미개방,무료,유료,37.56954962,126.9836479,종로구
원서공원 앞(구),유료,야간 미개방,무료,무료,37.5782594,126.9893581,종로구
창대교회 옆 이륜전용주차장(구),무료,야간 미개방,유료,유료,37.57457238,127.0163165,종로구
광화문빌딩(구),유료,야간 미개방,무료,유료,37.57159097,126.9738424,종로구
삼청공원앞(구),유료,야간 미개방,무료,유료,37.58714709,126.9821156,종로구
청계1(북) 공영주차장(시),유료,야간 미개방,무료,유료,37.56829666,126.9882176,종로구
종로63가길 이륜자동차주차장(구),무료,야간 미개방,유료,유료,37.57723855,127.0186526,종로구
종로40길 이륜자동차주차장(구),무료,야간 미개방,유료,유료,37.57100165,127.0079637,종로구
창신쌍용2지구 북측 이륜차주차장(구),무료,야간 미개방,유료,유료,37.58048952,127.010601,종로구
한미빌딩옆(구),유료,야간 미개방,무료,유료,37.57174492,126.9845305,종로구
청계5(북1) 공영주차장(시),유료,야간 미개방,무료,유료,37.56988503,127.0075057,종로구
청계6(북) 공영주차장(시),유료,야간 미개방,무료,유료,37.56999334,127.0148461,종로구
청계5(동호로_북) 공영주차장(시),유료,야간 미개방,무료,유료,37.57028463,127.0021223,종로구
청계3(창경궁로_북1) 공영주차장(시),유료,야간 미개방,무료,유료,37.57032948,126.9975515,종로구
롯데캐슬 뒤 이륜전용주차장(구),무료,야간 미개방,유료,유료,37.57429402,127.0164941,종로구
경복궁역 이륜차주차장(구),무료,야간 미개방,유료,유료,37.57623266,126.9723516,종로구
청계2(돈화문로) 공영주차장(시),유료,야간 미개방,무료,유료,37.56909542,126.9923842,종로구
사직로3 관광버스 주차허용 구간(시),무료,야간 미개방,유료,유료,37.57470832,126.9678757,종로구
창의문로 관광버스 주차허용 구간(시),무료,야간 미개방,유료,유료,37.59135008,126.9688601,종로구
사직로1 관광버스 주차허용 구간(시),무료,야간 미개방,유료,유료,37.57615099,126.9707468,종로구
관철동 공영주차장(시),유료,야간 미개방,무료,유료,37.56842918,126.9863476,종로구
청계 화물(시),유료,야간 미개방,무료,유료,37.56982469,127.003778,종로구
낙산성곽길 이륜자동차주차장(구),무료,야간 미개방,유료,유료,37.5724818,127.0093508,종로구
청계2(북1) 공영주차장(시),유료,야간 미개방,무료,유료,37.568563,126.992686,종로구
창경궁로1 관광버스 주차허용 구간(시),무료,야간 미개방,유료,유료,37.58007317,126.9963606,종로구
사직로2 관광버스 주차허용 구간(시),무료,야간 미개방,유료,유료,37.575852,126.97127,종로구
당고개위 공영주차장(시),유료,야간 미개방,무료,무료,37.67065711,127.0806434,노원구
수락산디자인서울거리(구),유료,야간 미개방,무료,무료,37.674505,127.0605201,노원구
주공7단지옆(구),유료,야간 미개방,무료,무료,37.65632869,127.0610913,노원구
(구)북부지법주변(구),유료,야간 미개방,무료,무료,37.61937697,127.0774836,노원구
유경백화점뒤(구),유료,야간 미개방,무료,무료,37.64982808,127.0772663,노원구
주공6단지상가주변(구),유료,야간 미개방,무료,무료,37.65353387,127.0615784,노원구
청구건영아파트옆(구),유료,야간 미개방,무료,무료,37.64796124,127.0760498,노원구
신한증권옆(구),유료,야간 미개방,무료,무료,37.65143185,127.0775486,노원구
주공5단지옆(구),유료,야간 미개방,무료,무료,37.65137448,127.0762317,노원구
방이습지 노상공영주차장(구),유료,야간 미개방,무료,무료,37.507896,127.137969,송파구
위례성길(A) 노상공영주차장(구),유료,야간 미개방,무료,무료,37.516536,127.114702,송파구
부영그린(구),유료,야간 미개방,무료,무료,37.53701344,126.8813464,양천구
공유) 상도2동 170-27(구),유료,야간 미개방,무료,무료,37.50483139,126.9416512,동작구
성내역(잠실나루역) 공영주차장(시),유료,야간 미개방,무료,유료,37.51768592,127.1050236,송파구
공유) 사당1동 가블럭(구),유료,야간 미개방,무료,무료,37.48352948,126.9776632,동작구
공유) 사당3동 다블럭(구),유료,야간 미개방,무료,무료,37.48431181,126.9736807,동작구
동작대교(위) 공영주차장(시),유료,야간 미개방,무료,무료,37.50531504,126.9800114,동작구
신림동제2공영(구),유료,야간 미개방,무료,무료,37.484425,126.926171,관악구
조원동제2공영(구),유료,야간 미개방,무료,유료,37.48369622,126.9030043,관악구
낙성대제2공영(구),유료,야간 미개방,무료,유료,37.47455141,126.9599452,관악구
낙성대제1공영(구),유료,야간 미개방,무료,유료,37.47763165,126.9589021,관악구
서원동제1공영(구),유료,야간 미개방,무료,무료,37.48297244,126.9276506,관악구
공유) 151-100(구),유료,야간 미개방,무료,무료,37.51864629,127.0562966,강남구
도산대로45길(구),유료,야간 미개방,유료,유료,37.52319649,127.0353614,강남구
헌릉로745길(구),유료,야간 미개방,유료,유료,37.470627,127.1180094,강남구
영동대로106길(구),유료,야간 미개방,유료,유료,37.51375336,127.0629587,강남구
압구정로29길(구),유료,야간 미개방,유료,유료,37.5280796,127.0282521,강남구
논현로28길(구),유료,야간 미개방,유료,유료,37.48390711,127.0449033,강남구
테헤란로64길(구),유료,야간 미개방,유료,유료,37.50475364,127.0510347,강남구
선릉로146길(구),유료,야간 미개방,유료,유료,37.52168209,127.0398453,강남구
선릉로132길(구),유료,야간 미개방,유료,유료,37.51821734,127.0428303,강남구
영동대로85길(구),유료,야간 미개방,유료,유료,37.50622765,127.059621,강남구
남부순환로397길(구),유료,야간 미개방,유료,유료,37.49357218,127.0591862,강남구
대치동507-3(구),유료,야간 미개방,유료,유료,37.49331335,127.0626502,강남구
영동대로96길(구),유료,야간 미개방,유료,유료,37.51129778,127.0646841,강남구
언주로171길(구),유료,야간 미개방,유료,유료,37.52759362,127.0321444,강남구
압구정고가1 공영주차장(시),유료,야간 미개방,무료,무료,37.52595798,127.0284388,강남구
동호대교(남) 공영주차장(시),유료,야간 미개방,무료,유료,37.53083735,127.0249733,강남구
압구정고가2 공영주차장(시),유료,야간 미개방,무료,무료,37.52554613,127.0284355,강남구
대림역2 공영주차장(시),유료,야간 미개방,무료,유료,37.49568958,126.8937431,구로구
제방도로 공영주차장(시),유료,야간 미개방,무료,유료,37.49912591,126.8929104,구로구
등촌3동 구암길(구),유료,야간 미개방,무료,유료,37.56056022,126.8456979,강서구
화곡1동 배다리서길(구),유료,야간 미개방,무료,유료,37.52833289,126.8436554,강서구
화곡1동 달구지길(구),유료,야간 미개방,무료,무료,37.53318333,126.8374583,강서구
방신시장 고객주차장(구),유료,야간 미개방,무료,유료,37.5719421,126.8132888,강서구
가양3동 황금내공원길(구),유료,야간 미개방,무료,유료,37.56330394,126.8613526,강서구
등촌3동 꿈나무길(구),유료,야간 미개방,무료,유료,37.55945848,126.8461253,강서구
홍대서측 노상 공영주차장(구),유료,야간 미개방,무료,무료,37.55181515,126.921478,마포구
망원 유료 주차장(구),유료,야간 미개방,유료,유료,37.55341284,126.9028352,마포구
용강동 노상 공영주차장(구),유료,야간 미개방,무료,유료,37.54201751,126.9407065,마포구
동교동 노상 공영주차장(구),유료,야간 미개방,무료,무료,37.55467856,126.9292792,마포구
방화로 공영주차장(시),유료,야간 미개방,유료,유료,37.55431478,126.8166954,강서구
경남 공영주차장(구),유료,야간 미개방,무료,유료,37.55453179,126.9197202,마포구
연남 유료 주차장(구),유료,야간 미개방,무료,유료,37.56393724,126.9260469,마포구
합정 노상 공영주차장(구),유료,야간 미개방,무료,무료,37.5487329,126.9173508,마포구
청기와 유료 주차장(구),유료,야간 미개방,유료,유료,37.55493076,126.9133063,마포구
동대문비즈센터앞 이륜자동차 주차장(구),무료,야간 미개방,유료,유료,37.56635523,127.012826,중구
청계5(동호로_남) 공영주차장(시),유료,야간 미개방,무료,유료,37.56868659,127.0022512,중구
이화여고 앞 노상 공영주차장(구),유료,야간 미개방,무료,유료,37.56554576,126.9683048,중구
삼풍상가 노상 공영주차장(구),유료,야간 미개방,무료,유료,37.56563428,126.9958262,중구
국제화재빌딩옆 노상 공영주차장(구),유료,야간 미개방,무료,유료,37.55815358,126.9759985,중구
청계3(창경궁로_남) 공영주차장(시),유료,야간 미개방,무료,유료,37.56826994,126.9979549,중구
중앙의료원옆 이륜자동차 주차장(구),무료,야간 미개방,유료,유료,37.56720646,127.0071469,중구
대림상가노상공영주차장(구),유료,야간 미개방,무료,유료,37.56781776,126.9952157,중구
성산로 관광버스 주차허용 구간(시),무료,야간 미개방,유료,유료,37.56596969,126.9140292,마포구
청계5(남) 공영주차장(시),유료,야간 미개방,무료,유료,37.56950204,127.0073071,중구
당인 유료 주차장(구),유료,야간 미개방,유료,유료,37.54756858,126.918288,마포구
청계5가 공영주차장(시),유료,야간 미개방,무료,유료,37.56958981,127.0090477,중구
남평화시장앞 노상공영주차장(구),유료,야간 미개방,무료,무료,37.56903262,127.0115321,중구
맑은내길 노상공영주차장(구),유료,야간 미개방,무료,무료,37.56815814,127.0124603,중구
구민회관앞 이륜자동차주차장(구),무료,야간 미개방,유료,유료,37.56823803,127.0062992,중구
청계6(신평화시장앞) 공영주차장(시),유료,야간 미개방,무료,유료,37.56957236,127.0117553,중구
진양상가노상공영주차장(구),유료,야간 미개방,무료,유료,37.56309606,126.995696,중구
청계6(동평화) 공영주차장(시),유료,야간 미개방,무료,유료,37.56958177,127.0129664,중구
청계5(방산동) 공영주차장(시),유료,야간 미개방,무료,유료,37.56947824,127.0027531,중구
조선호텔 앞 노상 공영주차장(구),유료,야간 미개방,무료,유료,37.56388984,126.9799231,중구
다동쉼터 노상공영주차장(구),유료,야간 미개방,무료,유료,37.56794438,126.980009,중구
한국관광공사옆 노상공영주차장(구),유료,야간 미개방,무료,유료,37.56826792,126.9820268,중구
청소년회관 뒤 노상 공영주차장(구),유료,야간 미개방,무료,유료,37.56740167,126.9903408,중구
청계2(충무로) 공영주차장(시),유료,야간 미개방,무료,유료,37.56746628,126.992579,중구
남대문시장3번게이트 이륜자동차주차장(시),무료,야간 미개방,유료,유료,37.56098007,126.9783264,중구
서울스퀘어빌딩앞 이륜차 전용주차장(시),무료,야간 미개방,유료,유료,37.55509421,126.9732323,중구
남대문시장2번게이트앞 이륜자동차주차장(시),무료,야간 미개방,유료,유료,37.56079537,126.9774744,중구
남산케이블카 공영주차장(시),유료,야간 미개방,무료,무료,37.55586564,126.9838365,중구
마른내길 공영주차장(시),유료,야간 미개방,무료,유료,37.56439659,126.9936396,중구
남산파출소 공영주차장(시),유료,야간 미개방,무료,유료,37.55493529,126.9817913,중구
남대문피혁상가 남측 노상 공영주차장(구),유료,야간 미개방,무료,유료,37.5592409,126.9737273,중구
남산공원 소파로 관광버스전용 주차장(시),무료,야간 미개방,유료,유료,37.55553088,126.9801437,중구
청계8가 공영주차장(시),유료,야간 미개방,무료,유료,37.56978901,127.0166194,중구
청계3(동호로) 공영주차장(시),유료,야간 미개방,무료,유료,37.56916478,127.0019567,중구
뉴국제호텔 앞 노상 공영주차장(구),유료,야간 미개방,무료,유료,37.56817304,126.9778291,중구
소파로케이블카앞 관광버스전용 주차장(시),무료,야간 미개방,유료,유료,37.55519966,126.9837428,중구
중앙우체국옆 이륜자동차주차장(구),무료,야간 미개방,유료,유료,37.56198491,126.9817059,중구
중곡복개천 공영주차장(B)(구),유료,야간 미개방,무료,유료,37.56007709,127.0862048,광진구
중곡복개천 공영주차장(구),유료,야간 미개방,무료,유료,37.56098861,127.0849432,광진구
신성시장길공영노상주차장(구),유료,야간 미개방,무료,유료,37.55761173,127.0896047,광진구
송림 기사식당길 공영주차장(구),유료,야간 미개방,무료,유료,37.5355631,127.0765415,광진구
천호2동제2(구),유료,야간 미개방,무료,무료,37.5648608,127.1740332,강동구
공유) 주양쇼핑옆 주차장(구),유료,야간 미개방,무료,무료,37.55284885,127.152992,강동구
공유) 주양쇼핑앞 주차장(구),유료,야간 미개방,무료,무료,37.55180663,127.1553681,강동구
공유) 15-가600구간(구),유료,야간 미개방,무료,무료,37.53052853,127.123753,강동구
주양쇼핑앞(구),유료,야간 미개방,무료,무료,37.55177926,127.1542519,강동구
주양쇼핑옆(구),유료,야간 미개방,무료,무료,37.55297735,127.1531727,강동구
덕성엔앰피(구),유료,야간 미개방,유료,유료,37.47281942,126.8845525,금천구
두산공원A~B(구),유료,야간 미개방,유료,유료,37.4732657,126.8940319,금천구
BYC(구),유료,야간 미개방,유료,유료,37.47779248,126.8828349,금천구
아톰(구),유료,야간 미개방,유료,유료,37.47137156,126.8827591,금천구
요업기술원-LG전자뒤(구),유료,야간 미개방,유료,유료,37.47294548,126.8881908,금천구
가산중앞(구),유료,야간 미개방,유료,유료,37.46907517,126.8949346,금천구
삼환아파트(구),유료,야간 미개방,유료,유료,37.46482966,126.8916081,금천구
신천지(구),유료,야간 미개방,유료,유료,37.47243744,126.8974361,금천구
가산중뒤(구),유료,야간 미개방,유료,유료,37.46845073,126.8939326,금천구
기륭전자(구),유료,야간 미개방,유료,유료,37.47393856,126.8876902,금천구
범일운수~신세계물류센터(구),유료,야간 미개방,유료,유료,37.46943489,126.8893451,금천구
만승뒤(협동봉제조합)(구),유료,야간 미개방,무료,무료,37.47901123,126.88859,금천구
웅진코웨이~sk트윈타워(구),유료,야간 미개방,유료,유료,37.47544337,126.8837219,금천구
가산디지털환승(구),유료,야간 미개방,유료,유료,37.48505498,126.8812526,금천구
우리은행(구),유료,야간 미개방,무료,무료,37.47681028,126.8903992,금천구
세일철강~LG전자연구소(구),유료,야간 미개방,유료,유료,37.46977987,126.8863702,금천구
LG텔레콤(구),유료,야간 미개방,무료,무료,37.47500008,126.8876027,금천구
SJ테크노빌(구),유료,야간 미개방,무료,무료,37.47774161,126.8845407,금천구
국도화학(구),유료,야간 미개방,유료,유료,37.47344338,126.8819982,금천구
공유) 가산동 01-51구역(구),유료,야간 미개방,무료,무료,37.48336059,126.8844719,금천구
반포복개천 노상공영주차장(구),유료,야간 미개방,무료,유료,37.50434412,127.010078,서초구
사조냉장-무등실업(구),유료,야간 미개방,유료,유료,37.47155753,126.8916925,금천구
서부간선도로(구),유료,야간 미개방,유료,유료,37.47212446,126.8817568,금천구
방배복개도로 제2지역 노상공영주차장(구),유료,야간 미개방,무료,유료,37.4829881,126.982596,서초구
방배중앙로 노상공영주차장(구),유료,야간 미개방,무료,유료,37.49303286,126.9864506,서초구
방배복개도로 제1지역 노상공영주차장(구),유료,야간 미개방,무료,유료,37.48079749,126.9824271,서초구
공유) 3-66(구),유료,야간 미개방,무료,무료,37.48859634,127.0074291,서초구
마장동거주자우선주차장(구),유료,야간 미개방,무료,유료,37.56518228,127.0407509,성동구
뚝도시장(구),유료,야간 미개방,무료,유료,37.53784492,127.0543837,성동구
거주자우선주차장(구),유료,야간 미개방,무료,유료,37.56963211,127.0398491,성동구
마장축산물시장 남문(구),유료,야간 미개방,무료,유료,37.56633658,127.0391278,성동구
마장축산물시장 현대아파트 앞 노상공영주차(구),유료,야간 미개방,무료,유료,37.57051381,127.0424355,성동구
용답동거주자우선주차장(구),유료,야간 미개방,무료,유료,37.56152792,127.0587909,성동구
성수역 3번출구 앞(구),유료,야간 미개방,무료,유료,37.54283917,127.0565972,성동구
장한평자동차시장 노상공영주차장(구),유료,야간 미개방,무료,유료,37.56101919,127.0591572,성동구
KT성수분국 앞(구),유료,야간 미개방,무료,유료,37.54658895,127.0625291,성동구
신정13동 복개(구),유료,야간 미개방,무료,유료,37.51900579,126.8540443,양천구
파리공원(구),유료,야간 미개방,무료,유료,37.53392291,126.8764044,양천구
신정4동길(구),유료,야간 미개방,무료,유료,37.52670873,126.8603414,양천구
신월1동저지복개2구역(구),유료,야간 미개방,무료,유료,37.53473991,126.8347528,양천구
청계8가(남) 공영주차장(시),유료,야간 미개방,무료,유료,37.57013219,127.0278747,성동구
현대41타워앞(구),유료,야간 미개방,무료,무료,37.52773408,126.8757575,양천구
양천경찰서(구),유료,야간 미개방,무료,유료,37.5166895,126.8651404,양천구
신월5동복개주차장(구),유료,야간 미개방,무료,유료,37.53620689,126.8291087,양천구
한전뒷길(구),유료,야간 미개방,무료,유료,37.51962889,126.869152,양천구
양천공원옆(구),유료,야간 미개방,무료,유료,37.5189765,126.8685486,양천구
양천구청(구),유료,야간 미개방,무료,유료,37.51731739,126.8670856,양천구
법안정사(구),유료,야간 미개방,무료,유료,37.53577941,126.8776006,양천구
세우빌딩앞 노상주차장(구),유료,야간 미개방,무료,유료,37.53048629,126.9260802,영등포구
KBS별관뒤 노상주차장(구),유료,야간 미개방,무료,유료,37.51926703,126.9291124,영등포구
미래에셋빌딩 앞 노상주차장(구),유료,야간 미개방,무료,유료,37.51951376,126.9277553,영등포구
도림고가 노상주차장(구),유료,야간 미개방,무료,무료,37.51222329,126.8977107,영등포구
교보생명옆 노상주차장(구),유료,야간 미개방,무료,무료,37.52139856,126.8925827,영등포구
교보생명 앞 노상주차장(구),유료,야간 미개방,무료,무료,37.52092359,126.8918206,영등포구
문래동주민센터 앞 노상주차장(구),유료,야간 미개방,무료,무료,37.5168484,126.9000469,영등포구
동문굿모닝탑 옆(구),유료,야간 미개방,무료,유료,37.51497059,126.8612065,양천구
산업은행앞 노상주차장(구),유료,야간 미개방,무료,유료,37.52720919,126.9196908,영등포구
MBC방송국뒤 노상주차장(구),유료,야간 미개방,무료,유료,37.52371275,126.9310771,영등포구
KBS본관 앞 노상주차장(구),유료,야간 미개방,무료,유료,37.52596815,126.9174893,영등포구
국민일보사옥앞 노상주차장(구),유료,야간 미개방,무료,유료,37.5296019,126.9248362,영등포구
성애병원 앞 노상주차장(구),유료,야간 미개방,무료,유료,37.51164449,126.9233228,영등포구
한국거래소앞 노상주차장(구),유료,야간 미개방,무료,유료,37.5221127,126.927843,영등포구
당산고가 밑 이륜차 전용주차장(구),무료,야간 미개방,유료,유료,37.53329412,126.901493,영등포구
여의도공원앞3 노상주차장(구),유료,야간 미개방,무료,유료,37.52810072,126.9241029,영등포구
삼환아파트 앞 노상주차장(구),유료,야간 미개방,무료,무료,37.51424652,126.8895531,영등포구
영등포역 이륜자동차주차장(구),무료,야간 미개방,유료,유료,37.51631984,126.9068882,영등포구
진주아파트 옆 노상주차장(구),유료,야간 미개방,무료,유료,37.51794489,126.9337966,영등포구
대신시장 노상주차장(구),유료,야간 미개방,무료,무료,37.51139346,126.9177846,영등포구
호성빌딩 앞 노상주차장(구),유료,야간 미개방,무료,유료,37.52018689,126.9290714,영등포구
중소기업중앙회 앞 노상주차장(구),유료,야간 미개방,무료,유료,37.52871673,126.9221214,영등포구
문래1동 공영주차장(시),유료,야간 미개방,무료,유료,37.51351439,126.8969428,영등포구
영등포로터리 공영주차장(시),유료,야간 미개방,무료,유료,37.5180165,126.9113583,영등포구
여의도백화점 앞 노상주차장(구),유료,야간 미개방,무료,유료,37.52097118,126.9273252,영등포구
경호빌딩앞 노상주차장(구),유료,야간 미개방,무료,유료,37.52371925,126.9258851,영등포구
가든예식장 앞 노상주차장(구),유료,야간 미개방,무료,유료,37.52000861,126.928245,영등포구
KBS연구관앞 노상주차장(구),유료,야간 미개방,무료,유료,37.5269123,126.9153996,영등포구
KBS별관옆 노상주차장(구),유료,야간 미개방,무료,유료,37.51920439,126.9300663,영등포구
국민은행앞 노상주차장(구),유료,야간 미개방,무료,유료,37.52845342,126.9191569,영등포구
중마루공원앞 노상주차장(구),유료,야간 미개방,무료,유료,37.51980582,126.9109093,영등포구
양남사거리 앞 노상주차장(구),유료,야간 미개방,무료,무료,37.52241801,126.8915761,영등포구
영등포중앙시장 노상주차장(구),유료,야간 미개방,무료,무료,37.52229912,126.9084773,영등포구
한진해운 앞 노상주차장(구),유료,야간 미개방,무료,유료,37.52319835,126.925076,영등포구
벽산디지털밸리앞 노상주차장(구),유료,야간 미개방,무료,무료,37.51461144,126.8862456,영등포구
한강쇼핑(구),유료,야간 미개방,무료,유료,37.52071905,126.9711725,용산구
삼각지역(구),유료,야간 미개방,무료,유료,37.5346999,126.9737539,용산구
공유) 당산1동거주자우선주차장(구),유료,야간 미개방,무료,무료,37.52611063,126.8990363,영등포구
경남아파트 앞 노상주차장(구),유료,야간 미개방,무료,무료,37.52456958,126.9020972,영등포구
이촌로54길(구),유료,야간 미개방,무료,유료,37.5201708,126.967087,용산구
장충단로(한남광장) 관광버스전용 주차장(시),무료,야간 미개방,유료,유료,37.54735334,127.0026562,용산구
양평동(동) 공영주차장(시),유료,야간 미개방,무료,유료,37.53969074,126.8902226,영등포구
여의도공원앞2 노상주차장(구),유료,야간 미개방,무료,유료,37.52643639,126.9214229,영등포구
신흥증권앞 노상주차장(구),유료,야간 미개방,무료,유료,37.52384992,126.9271531,영등포구
홍우빌딩 앞 노상주차장(구),유료,야간 미개방,무료,유료,37.52069427,126.9307599,영등포구
경도상가앞 노상주차장(구),유료,야간 미개방,무료,유료,37.5195916,126.9308645,영등포구
상봉복개(구),유료,야간 미개방,무료,유료,37.59518208,127.0889504,중랑구
묵중안공영주차장(구),유료,야간 미개방,무료,무료,37.60812804,127.076841,중랑구
중화동(구),유료,야간 미개방,무료,유료,37.59433523,127.0723101,중랑구
우림시장공영주차장(구),유료,야간 미개방,무료,유료,37.59900122,127.09933,중랑구
나들목공영주차장(구),유료,야간 미개방,무료,무료,37.59750466,127.0764728,중랑구
동부갯 공영주차장(구),유료,야간 미개방,무료,유료,37.59947535,127.0957675,중랑구
매화공영주차장(구),유료,야간 미개방,무료,유료,37.59391626,127.0902639,중랑구
맛솜씨공영주차장(구),유료,야간 미개방,무료,유료,37.59791674,127.0940897,중랑구
주막거리공영주차장(구),유료,야간 미개방,무료,유료,37.59370123,127.0785778,중랑구
여의서로 공영주차장(시),유료,야간 미개방,무료,유료,37.53359901,126.9131677,영등포구
태양빌딩앞 노상주차장(구),유료,야간 미개방,무료,유료,37.52049732,126.9299704,영등포구
대림역 공영주차장(시),유료,야간 미개방,무료,무료,37.49261984,126.8955647,영등포구
동아빌딩앞 노상주차장(구),유료,야간 미개방,무료,유료,37.52924305,126.9204543,영등포구
렉싱턴호텔뒤 노상주차장(구),유료,야간 미개방,무료,유료,37.52926297,126.9221508,영등포구
롯데캐슬앞 노상주차장(구),유료,야간 미개방,무료,유료,37.5203156,126.9269519,영등포구
연희사러가쇼핑센터앞(구),유료,야간 미개방,무료,유료,37.56699321,126.9298522,서대문구
개봉1동노상(구),유료,야간 미개방,무료,무료,37.49700168,126.8540247,구로구
대치유수지(구),유료,야간 미개방,유료,유료,37.50582903,127.0680915,강남구
공유) 노량진2동 나블럭(구),유료,야간 미개방,무료,무료,37.512161,126.9389416,동작구
개포주공5단지북측(구),유료,야간 미개방,무료,유료,37.48851644,127.0678126,강남구
일원동맛의거리(구),유료,야간 미개방,유료,유료,37.49056799,127.085565,강남구
남대문시장자유상가앞 이륜차주차장(시),무료,야간 미개방,유료,유료,37.5612336,126.9797483,중구
남대문시장알파문구앞 이륜자동차주차장(시),무료,야간 미개방,유료,유료,37.56050484,126.9766131,중구
코오롱빌딩옆 노상공영주차장(구),유료,야간 미개방,무료,유료,37.56764706,126.978471,중구
남대문시장연세상가앞 이륜자동차주차장(시),무료,야간 미개방,유료,유료,37.55757979,126.9763902,중구
위례성길(D) 노상공영주차장(구),유료,야간 미개방,무료,무료,37.51370486,127.1226113,송파구
위례성길(B-1) 노상공영주차장(구),유료,야간 미개방,무료,무료,37.51586257,127.1165186,송파구
유진상가앞(구),유료,야간 미개방,무료,유료,37.59162888,126.9438217,서대문구
교통공원길(C) 노상공영주차장(구),유료,야간 미개방,무료,무료,37.51545177,127.1003969,송파구
봉상시길(구),유료,야간 미개방,무료,무료,37.5095006,127.0802832,송파구
로데오길(A) 노상공영주차장(구),유료,야간 미개방,무료,무료,37.49017141,127.1235056,송파구
교통공원길(A) 노상공영주차장(구),유료,야간 미개방,무료,무료,37.51561271,127.10408,송파구
동작갯마을(구),유료,야간 미개방,무료,유료,37.49616726,126.9825229,동작구
삼성동제1공영(구),유료,야간 미개방,무료,유료,37.46393827,126.930091,관악구
테헤란로26길(구),유료,야간 미개방,유료,유료,37.49943582,127.0362147,강남구
은마아파트(구),유료,야간 미개방,유료,유료,37.49868145,127.0623745,강남구
한신동성아파트옆(구),유료,야간 미개방,무료,무료,37.64005674,127.0740637,노원구
위례성길(B-2) 노상공영주차장(구),유료,야간 미개방,무료,무료,37.514706,127.1197416,송파구
교통공원길(B) 노상공영주차장(구),유료,야간 미개방,무료,무료,37.51496127,127.1011622,송파구
로데오길(C) 노상공영주차장(구),유료,야간 미개방,무료,무료,37.48959329,127.1229357,송파구
로데오길(B) 노상공영주차장(구),유료,야간 미개방,무료,무료,37.49053609,127.1247178,송파구
주공12단지상가뒤(구),유료,야간 미개방,무료,무료,37.6653163,127.0582955,노원구
논현로131길(구),유료,야간 미개방,유료,유료,37.514528,127.029968,강남구
인왕시장앞(구),유료,야간 미개방,무료,유료,37.59143188,126.9437706,서대문구
주공3단지상가주변(구),유료,야간 미개방,무료,무료,37.65305806,127.0588822,노원구
주공11단지상가뒤(구),유료,야간 미개방,무료,무료,37.66678959,127.0566345,노원구
공유) 18-25(구),유료,야간 미개방,무료,무료,37.54514,127.0646,성동구
창동역 (구)구청별관주차장(구),유료,야간 미개방,무료,무료,37.65281924,127.0496727,도봉구
노원세무서 앞 공영주차장(구),유료,야간 미개방,무료,무료,37.65354745,127.0521962,도봉구
방학동 월드상가 앞 주차장(구),유료,야간 미개방,무료,무료,37.66822116,127.0468474,도봉구
도봉권역공영차고지(시),무료,야간 미개방,유료,유료,37.69009914,127.0431044,도봉구
남부여성발전센터 공영주차장(시),유료,야간 미개방,무료,무료,37.462917,126.905718,금천구
신성시장길노상공영주차장(구),유료,야간 미개방,무료,유료,37.55470191,127.0937551,광진구
장안공원지하주차장(구),유료,야간 미개방,무료,무료,37.57739367,127.0713961,동대문구
신방화역 공영주차장(시),유료,야간 미개방,무료,무료,37.56706812,126.8175763,강서구
송림기사식당길(B) 공영주차장(구),유료,야간 미개방,무료,유료,37.53203663,127.0754811,광진구
진흥로 공영주차장(시),유료,야간 미개방,유료,유료,37.60076177,126.9195772,은평구
온수역(남) 공영주차장(시),유료,야간 미개방,무료,유료,37.49186262,126.8238694,구로구
옥수역 공영주차장(시),유료,야간 미개방,무료,유료,37.54238539,127.017243,성동구
고분다리 전통시장 공영주차장(구),유료,야간 미개방,무료,무료,37.54304932,127.1322236,강동구
돈화문로 공영주차장(시),유료,야간 미개방,무료,유료,37.56540528,126.9928311,중구
도봉로 15길 공영주차장(시),유료,야간 미개방,유료,유료,37.61684763,127.0278343,강북구
원효대교 남단 공영주차장(시),유료,야간 미개방,무료,무료,37.52232342,126.9367306,영등포구
가양라이품 공영주차장(시),유료,야간 미개방,무료,무료,37.57155732,126.8416529,강서구
신영시장 공동주차장(구),유료,야간 미개방,무료,무료,37.53302124,126.8362542,양천구
마른내길 이륜자동차주차장(구),무료,야간 미개방,유료,유료,37.56452211,127.0001398,중구
마른내로 공영주차장(시),유료,야간 미개방,유료,유료,37.56455141,127.0001539,중구
관악신사시장 공영주차장(구),유료,야간 미개방,무료,무료,37.48671865,126.9172816,관악구
중곡초교(구),유료,야간 미개방,무료,무료,37.57427209,127.0837763,중랑구
DDP동측(양쪽) 관광버스전용 주차장(시),무료,야간 미개방,유료,유료,37.56644898,127.0119162,중구
중계4동 임시공영주차장(구),유료,야간 미개방,무료,유료,37.65859344,127.0735567,노원구
장위전통시장 공영주차장(구),유료,야간 미개방,무료,무료,37.61025825,127.0498604,성북구
반포4동 주민센터 공영주차장(구),유료,야간 미개방,무료,무료,37.497486,127.0003389,서초구
양재2동주민센터 공영주차장(구),유료,야간 미개방,무료,무료,37.47065988,127.0412941,서초구
영등포구청환승주차장(구),유료,야간 미개방,무료,무료,37.52462558,126.8956473,영등포구
정릉천변 공영주차장(구),유료,야간 미개방,무료,유료,37.58449007,127.0363134,동대문구
정화여상 노상(구),유료,야간 미개방,무료,유료,37.58599793,127.0402436,동대문구
동서시장 식품 공영주차장(구),유료,야간 미개방,무료,유료,37.58222828,127.0405235,동대문구
장안보성연립노상주차장(구),유료,야간 미개방,무료,유료,37.56585542,127.0661455,동대문구
동서시장 과일채소부 공영주차장(구),유료,야간 미개방,무료,유료,37.58104276,127.040633,동대문구
답십리 부품상가 노상(구),유료,야간 미개방,무료,유료,37.56632581,127.0611469,동대문구
청계천 주변(구),유료,야간 미개방,무료,유료,37.57346241,127.0278065,동대문구
신일피혁주변(구),유료,야간 미개방,무료,유료,37.56552291,127.0683217,동대문구
삼희상가주변(구),유료,야간 미개방,무료,유료,37.56820871,127.0519592,동대문구
홍제견인보관소(구),유료,야간 미개방,무료,무료,37.59066595,126.9407292,서대문구
목사랑시장(구),유료,야간 미개방,무료,무료,37.53897937,126.8653496,양천구
석계역 앞(구),유료,야간 미개방,무료,유료,37.61572968,127.0651839,노원구
상계역 서측 주택가 공영주차장(구),유료,야간 미개방,무료,유료,37.6600464,127.0710559,노원구
서울약령시공영주차장(구),유료,야간 미개방,무료,무료,37.58066496,127.0376321,동대문구
방배1동 공영주차장(구),유료,야간 미개방,무료,무료,37.48549233,126.992476,서초구
양재근린공원 공영주차장(구),유료,야간 미개방,무료,무료,37.47158991,127.0424135,서초구
도봉2동  6공영주차장(구),유료,야간 미개방,무료,무료,37.68304002,127.0462397,도봉구
방배역 노상 공영주차장(구),유료,야간 미개방,무료,무료,37.48219912,126.9970161,서초구
밤고개로21길 공영주차장(구),유료,야간 미개방,무료,무료,37.47354638,127.1144114,강남구
이태원1동공영(구),유료,야간 미개방,무료,유료,37.5307145,126.9960142,용산구
천호3동 제2공영주차장(구),유료,야간 미개방,무료,무료,37.54075002,127.1340836,강동구
창경궁로2 관광버스 주차허용 구간(시),무료,야간 미개방,유료,유료,37.57921259,126.9964856,종로구
APM플레이스 앞 관광버스 주차허용 구간(시),무료,야간 미개방,유료,유료,37.56569,127.008555,중구
수송초등학교 공영주차장(구),유료,야간 미개방,유료,유료,37.63709333,127.0330094,강북구
세종대로3 관광버스 승하차 허용 구간(시),무료,야간 미개방,유료,유료,37.56339775,126.9769865,중구
토정로 관광버스 주차허용 구간(시),무료,야간 미개방,유료,유료,37.54528799,126.9188302,마포구
모래내로 관광버스 주차허용 구간(시),무료,야간 미개방,유료,유료,37.57420139,126.9241997,서대문구
청계8가(북) 공영주차장(시),유료,야간 미개방,무료,유료,37.57049505,127.0287363,동대문구
신월3동 여울공영주차장(구),유료,야간 미개방,무료,무료,37.53504594,126.8241451,양천구
벽산 노상공영(구),유료,야간 미개방,무료,무료,37.64104053,127.0186191,강북구
어울림소공원(구),유료,야간 미개방,무료,무료,37.616729,127.035331,강북구
민속의집 공영주차장(구),유료,야간 미개방,무료,무료,37.559645,127.16858,강동구
보라매상업 공영주차장(시),유료,야간 미개방,무료,무료,37.49039184,126.923406,동작구
마포중앙도서관 공영주차장(구),유료,야간 미개방,무료,무료,37.56376056,126.9083535,마포구
신촌노외 공영주차장(구),유료,야간 미개방,무료,무료,37.553685,126.934142,마포구
신정4동 로데오길(구),유료,야간 미개방,무료,무료,37.52795893,126.8617396,양천구
새물결 노상 공영주차장(구),유료,야간 미개방,무료,무료,37.55674067,126.9249001,마포구
석촌역(구),유료,야간 미개방,무료,무료,37.5063778,127.1085174,송파구
구청사주변(구),유료,야간 미개방,유료,유료,37.654702,127.0554579,노원구
평창동 460-3(구),유료,야간 미개방,무료,무료,37.61058897,126.974806,종로구
평창동(구),유료,야간 미개방,무료,무료,37.61150895,126.9772288,종로구
구본청 부설주차장(구),유료,야간 미개방,무료,무료,37.51231037,126.9394481,동작구
곰달래로5길 노상(구),유료,야간 미개방,무료,유료,37.53403375,126.8322675,양천구
신월1동저지복개1구역(구),유료,야간 미개방,무료,유료,37.5283365,126.8386911,양천구
세종대로1 관광버스 승하차 허용 구간(시),무료,야간 미개방,유료,유료,37.56743241,126.9768678,중구
세종대로2 관광버스 승하차 허용 구간(시),무료,야간 미개방,유료,유료,37.56593287,126.9769424,중구
망원시장 노상공영주차장(구),유료,야간 미개방,무료,무료,37.55727781,126.9049623,마포구
월드컵시장 노상공영주차장(구),유료,야간 미개방,무료,무료,37.55753303,126.905434,마포구
구의2동 주택가 공영주차장(구),유료,야간 미개방,무료,무료,37.552973,127.09285,광진구
신촌노상 공영주차장(구),유료,야간 미개방,무료,무료,37.55540084,126.9350033,마포구
대왕초 공영주차장(구),유료,야간 미개방,무료,무료,37.46445115,127.1055827,강남구
영동6교밑 공영주차장(시),유료,야간 미개방,무료,무료,37.49459715,127.0710905,강남구
테헤란로69길(구),유료,야간 미개방,유료,유료,37.50648911,127.0524873,강남구
배오개길 공영주차장(시),유료,야간 미개방,무료,유료,37.56537081,126.9983166,중구
공유) 다동(구),유료,야간 미개방,무료,무료,37.56752026,126.9798938,중구
공유) 황학동(구),유료,야간 미개방,무료,무료,37.57033575,127.0214353,중구
공유) 영등포구청(구),유료,야간 미개방,무료,무료,37.52574185,126.8952003,영등포구
쌍문2동 5공영주차장(구),유료,야간 미개방,무료,무료,37.6600592,127.040885,도봉구
하나로빌딩옆(구),유료,야간 미개방,무료,유료,37.57135365,126.9854681,종로구
공유) 12-37(구),유료,야간 미개방,무료,무료,37.50627721,127.1177134,송파구
15-가600구간(구),유료,야간 미개방,유료,유료,37.530428,127.123802,강동구
공유) 12-나1100구간(구),유료,야간 미개방,무료,무료,37.53952246,127.1242564,강동구
공유) 9-88(구),유료,야간 미개방,무료,무료,37.55657228,126.9289605,마포구
공유) 공유주차장(구),유료,야간 미개방,무료,무료,37.52037467,126.8721885,양천구
언주로147길(구),유료,야간 미개방,유료,유료,,,강남구
공유) 용신동 B 98구간(구),유료,야간 미개방,무료,무료,37.57718969,127.036866,동대문구
면목천로 거주자우선주차장A(구),유료,야간 미개방,무료,무료,37.59103363,127.0855555,중랑구
면목천로 거주자우선주차장B(구),유료,야간 미개방,무료,무료,37.59004448,127.0850113,중랑구
면목천로 거주자우선주차장C(구),유료,야간 미개방,무료,무료,37.59006378,127.0850962,중랑구
중화2동 66구간A(구),유료,야간 미개방,무료,무료,37.601369,127.0741148,중랑구
중화2동 66구간B(구),유료,야간 미개방,무료,무료,37.59988513,127.0733854,중랑구
숙선옹주로 5공영(구),유료,야간 미개방,무료,무료,37.61459251,127.0803228,중랑구
면목천로 거주자우선주차장D(구),유료,야간 미개방,무료,무료,37.58964913,127.0849009,중랑구
마곡8 임시 주차장(구),유료,야간 미개방,유료,무료,37.556886,126.834794,강서구
서울식물원 제2주차장(구),유료,야간 미개방,유료,유료,37.57266119,126.8351767,강서구
공항2임시(구),무료,야간 미개방,유료,유료,37.55717755,126.8164318,강서구
양평2동청사 공영(구),유료,야간 미개방,무료,무료,37.5364693,126.8938571,영등포구
문화회관서측 노외주차장(구),유료,야간 미개방,무료,유료,37.51635934,126.8625557,양천구
신월4동 공영주차장(시),유료,야간 미개방,무료,무료,37.525643,126.837692,양천구
밝은빛 공영주차장(구),유료,야간 미개방,무료,유료,37.5154639,126.8600757,양천구
어울림주차장(구),유료,야간 미개방,무료,유료,37.5222405,126.8691397,양천구
법마을공영주차장(구),유료,야간 미개방,무료,무료,37.5216693,126.8605681,양천구
서서울주차장(구),유료,야간 미개방,무료,무료,37.528565,126.832411,양천구
능골주차장(구),유료,야간 미개방,무료,무료,37.5334549,126.8246241,양천구
벚꽃길주차장(구),유료,야간 미개방,무료,무료,37.52756848,126.8599774,양천구
한울주차장(구),유료,야간 미개방,무료,무료,37.51995355,126.8317642,양천구
구름다리주차장(구),유료,야간 미개방,무료,무료,37.52421803,126.8328852,양천구
문화회관동측(구),유료,야간 미개방,무료,유료,37.5161381,126.8629786,양천구
마을마당주차장(구),유료,야간 미개방,무료,무료,37.53040718,126.8323391,양천구
신정7동 한사랑교회 주차장(구),유료,야간 미개방,유료,유료,37.5146488,126.8603852,양천구
당곡주차장(구),유료,야간 미개방,무료,무료,37.52437054,126.8450986,양천구
누리 공영주차장(구),유료,야간 미개방,무료,유료,37.51540127,126.8627138,양천구
신우주차장(구),유료,야간 미개방,무료,무료,37.5342655,126.828501,양천구
신곡주차장(구),유료,야간 미개방,무료,무료,37.5166827,126.8409052,양천구
곰달래주차장(구),유료,야간 미개방,무료,무료,37.5295809,126.8363976,양천구
하늘 공영주차장(구),유료,야간 미개방,무료,유료,37.5154315,126.8626049,양천구
해맞이공영주차장(구),유료,야간 미개방,무료,무료,37.51967896,126.8349072,양천구
다락골주차장(구),유료,야간 미개방,무료,무료,37.5160912,126.8487839,양천구
문화회관 지하주차장(구),유료,야간 미개방,무료,유료,37.5161202,126.8630821,양천구
가로공원공영주차장(구),유료,야간 미개방,무료,무료,37.5363308,126.8322604,양천구
신정교주차장(구),무료,야간 미개방,유료,유료,37.5171996,126.8779641,양천구
둔촌역전통시장(구),무료,야간 미개방,유료,유료,37.528528,127.1336798,강동구
가산동 공영주차장(구),유료,야간 미개방,무료,무료,37.49749,126.890348,금천구
독산2동 지평식주차장4(구),유료,야간 미개방,무료,무료,37.465335,126.898323,금천구
독산2동 공영주차장(구),유료,야간 미개방,무료,무료,37.463583,126.900041,금천구
서울숲 공영주차장(구),유료,야간 미개방,무료,무료,37.541479,127.042767,성동구
거주자노외주차장(구),유료,야간 미개방,무료,무료,37.55325753,127.0684519,성동구
용답 어울림 공영주차장(구),유료,야간 미개방,무료,무료,37.56371143,127.051349,성동구
금남시장 공영주차장(구),유료,야간 미개방,무료,무료,37.54833561,127.0232602,성동구
공유) 09-06(구),유료,야간 미개방,무료,무료,37.55082911,127.0263227,성동구
공유) 08-11(구),유료,야간 미개방,무료,무료,37.55311715,127.0315072,성동구
하왕십리(건물) 공영주차장(구),유료,야간 미개방,무료,무료,37.560316,127.027944,성동구
마천동 1공영주차장(구),유료,야간 미개방,무료,무료,37.49528692,127.1555608,송파구
장지동 공영주차장(구),유료,야간 미개방,무료,무료,37.49066,127.134123,송파구
송파파크데이 2단지입구앞(구),유료,야간 미개방,무료,무료,37.4951848,127.1571441,송파구
공유) 한강로동 22구간(구),유료,야간 미개방,무료,무료,37.529463,126.96998,용산구
03-04-135(구),유료,야간 미개방,무료,무료,37.544464,126.9736,용산구
03-02-186(구),유료,야간 미개방,무료,무료,37.54263,126.974067,용산구
공유) 남영동 02구간(구),유료,야간 미개방,무료,무료,37.54222,126.97422,용산구
공유) 한강로동 32구간(구),유료,야간 미개방,무료,무료,37.533744,126.96732,용산구
공유) 남영동 01구간(구),유료,야간 미개방,무료,무료,37.541234,126.974496,용산구
공유) 남영동 04구간(구),유료,야간 미개방,무료,무료,37.543262,126.97396,용산구
삼각지고가밑 공영주차장(시),유료,야간 미개방,무료,유료,37.53708546,126.9694251,용산구
강남대로150길(구),유료,야간 미개방,유료,유료,37.5156578,127.0201132,강남구
벽산공영(구),유료,야간 미개방,무료,유료,37.640977,127.018707,강북구
공유) 능동 IoT 공유주차장(구),유료,야간 미개방,무료,무료,37.551794,127.077711,광진구
공유) 광장동 IoT 공유주차장(구),유료,야간 미개방,무료,무료,37.551184,127.110972,광진구
동서울호텔길 노상공영주차장(구),유료,야간 미개방,무료,유료,37.532712,127.091682,광진구
동서울 호텔길(B) 공영주차장(구),유료,야간 미개방,무료,무료,37.53175,127.091817,광진구
공유) 구로중학교A(구),유료,야간 미개방,무료,무료,37.493772,126.890161,구로구
공유) 구로중학교B(구),유료,야간 미개방,무료,무료,37.49446433,126.8892473,구로구
공유) 16-36(구),유료,야간 미개방,무료,무료,37.54854015,127.0406538,성동구
공유) 16-01(구),유료,야간 미개방,무료,무료,37.550778,127.0458609,성동구
공유) 08-07(구),유료,야간 미개방,무료,무료,37.54884329,127.0328414,성동구
공유) 11-10(구),유료,야간 미개방,무료,무료,37.54957374,127.0212956,성동구
공유) 10-04(구),유료,야간 미개방,무료,무료,37.5505223,127.0241779,성동구
공유) 14-03(구),유료,야간 미개방,무료,무료,37.54390765,127.0169376,성동구
공유) 18-23(구),유료,야간 미개방,무료,무료,37.547384,127.06265,성동구
공유) 18-04(구),유료,야간 미개방,무료,무료,37.54601493,127.05352,성동구
공유) 08-02(구),유료,야간 미개방,무료,무료,37.55138234,127.0294404,성동구
공유) 08-01(구),유료,야간 미개방,무료,무료,37.55248,127.02896,성동구
공유) 15-12(구),유료,야간 미개방,무료,무료,37.53999667,127.0490767,성동구
공유) 09-05(구),유료,야간 미개방,무료,무료,37.55130154,127.0259589,성동구
공유) 10-02(구),유료,야간 미개방,무료,무료,37.55156,127.017054,성동구
공유) 12-02(구),유료,야간 미개방,무료,무료,37.547,127.02142,성동구
공유) 03-14(구),유료,야간 미개방,무료,무료,37.56613907,127.0311558,성동구
공유) 18-21(구),유료,야간 미개방,무료,무료,37.54611309,127.0633723,성동구
공유) 16-17(구),유료,야간 미개방,무료,무료,37.54721009,127.0494604,성동구
공유) 15-01(구),유료,야간 미개방,무료,무료,37.54566617,127.0457857,성동구
공유) 12-01(구),유료,야간 미개방,무료,무료,37.54626,127.01631,성동구
공유) 03-06(구),유료,야간 미개방,무료,무료,37.56568,127.0314628,성동구
공유) 16-31(구),유료,야간 미개방,무료,무료,37.54575549,127.0473468,성동구
공유) 15-06(구),유료,야간 미개방,무료,무료,37.54235,127.04897,성동구
공유) 16-03(구),유료,야간 미개방,무료,무료,37.55025531,127.0453835,성동구
공유) 18-14(구),유료,야간 미개방,무료,무료,37.54638,127.06052,성동구
공유) 09-02(구),유료,야간 미개방,무료,무료,37.54910699,127.0266616,성동구
공유) 16-04(구),유료,야간 미개방,무료,무료,37.5492601,127.0461291,성동구
공유) 16-30(구),유료,야간 미개방,무료,무료,37.54672523,127.0472771,성동구
공유) 11-05(구),유료,야간 미개방,무료,무료,37.54891,127.0175377,성동구
공유) 16-06(구),유료,야간 미개방,무료,무료,37.54859662,127.0474058,성동구
공유) 16-14(구),유료,야간 미개방,무료,무료,37.55031485,127.0506889,성동구
공유) 18-01(구),유료,야간 미개방,무료,무료,37.54932,127.0519,성동구
공유) 08-10(구),유료,야간 미개방,무료,무료,37.55187144,127.0361352,성동구
공유) 18-03(구),유료,야간 미개방,무료,무료,37.54788,127.05325,성동구
공유) 18-02(구),유료,야간 미개방,무료,무료,37.547954,127.051602,성동구
공유) 15-03(구),유료,야간 미개방,무료,무료,37.5436033,127.0454317,성동구
공유) 16-09(구),유료,야간 미개방,무료,무료,37.55067636,127.0498681,성동구
공유) 15-25(구),유료,야간 미개방,무료,무료,37.54266714,127.0464671,성동구
공유) 08-12(구),유료,야간 미개방,무료,무료,37.55455,127.02722,성동구
공유) 10-05(구),유료,야간 미개방,무료,무료,37.55338644,127.0176121,성동구
공유 15-23(구),유료,야간 미개방,무료,무료,37.5401325,127.046916,성동구
공유) 18-11(구),유료,야간 미개방,무료,무료,37.54782,127.05983,성동구
공유) 16-10(구),유료,야간 미개방,무료,무료,37.5501022,127.0501417,성동구
공유) 15-27(구),유료,야간 미개방,무료,무료,37.54390954,127.048527,성동구
공유) 06-05(구),유료,야간 미개방,무료,무료,37.56086157,127.0344025,성동구
공유) 02-06(구),유료,야간 미개방,무료,무료,37.56008429,127.0279271,성동구
공유) 04-15(구),유료,야간 미개방,무료,무료,37.56821,127.04407,성동구
공유) 03-10(구),유료,야간 미개방,무료,무료,37.56767375,127.0311,성동구
공유) 02-10(구),유료,야간 미개방,무료,무료,37.559855,127.029475,성동구
공유) 04-18(구),유료,야간 미개방,무료,무료,37.56537432,127.0443013,성동구
공유) 07-05(구),유료,야간 미개방,무료,무료,37.554,127.03178,성동구
공유) 03-01(구),유료,야간 미개방,무료,무료,37.56779267,127.0306849,성동구
공유) 04-55(구),유료,야간 미개방,무료,무료,37.56681278,127.0457063,성동구
공유) 05-05(구),유료,야간 미개방,무료,무료,37.55974318,127.0392466,성동구
공유) 03-07(구),유료,야간 미개방,무료,무료,37.56503,127.0333993,성동구
공유) 04-50(구),유료,야간 미개방,무료,무료,37.56767361,127.0458019,성동구
공유) 04-02(구),유료,야간 미개방,무료,무료,37.56966353,127.0327824,성동구
공유) 04-19(구),유료,야간 미개방,무료,무료,37.56577719,127.0439887,성동구
공유) 04-01(구),유료,야간 미개방,무료,무료,37.56952,127.03275,성동구
공유) 04-04(구),유료,야간 미개방,무료,무료,37.57096885,127.0346117,성동구
공유) 05-08(구),유료,야간 미개방,무료,무료,37.56016916,127.0493083,성동구
공유) 06-11(구),유료,야간 미개방,무료,무료,37.5588206,127.0332532,성동구
공유) 06-02(구),유료,야간 미개방,무료,무료,37.55842915,127.0358938,성동구
공유) 04-24(구),유료,야간 미개방,무료,무료,37.56753,127.03437,성동구
공유) 04-23(구),유료,야간 미개방,무료,무료,37.56936,127.03565,성동구
공유) 04-17(구),유료,야간 미개방,무료,무료,37.56834667,127.0455473,성동구
공유) 04-22(구),유료,야간 미개방,무료,무료,37.56349273,127.0387545,성동구
공유) 06-22(구),유료,야간 미개방,무료,무료,37.56441224,127.0375353,성동구
공유) 04-20(구),유료,야간 미개방,무료,무료,37.56349,127.04189,성동구
공유) 02-08(구),유료,야간 미개방,무료,무료,37.56202,127.03309,성동구
공유) 04-12(구),유료,야간 미개방,무료,무료,37.56746527,127.0379913,성동구
공유) 04-14(구),유료,야간 미개방,무료,무료,37.56665312,127.0427549,성동구
공유) 02-07(구),유료,야간 미개방,무료,무료,37.56083,127.03043,성동구
공유) 04-49(구),유료,야간 미개방,무료,무료,37.56504157,127.039724,성동구
공유) 20-34(구),유료,야간 미개방,무료,무료,37.56064519,127.0567091,성동구
공유) 04-16(구),유료,야간 미개방,무료,무료,37.57011,127.0433933,성동구
공유)  성동 06-23(구),유료,야간 미개방,무료,무료,37.55268419,127.037979,성동구
공유) 17-22(구),유료,야간 미개방,무료,무료,37.53586999,127.0534993,성동구
공유) 18-10(구),유료,야간 미개방,무료,무료,37.5447037,127.05789,성동구
공유) 18-43(구),유료,야간 미개방,무료,무료,37.54547902,127.0505172,성동구
공유) 17-02(구),유료,야간 미개방,무료,무료,37.5400302,127.0521311,성동구
공유) 20-26(구),유료,야간 미개방,무료,무료,37.56161106,127.0518833,성동구
공유) 17-44(구),유료,야간 미개방,무료,무료,37.53518536,127.0541918,성동구
공유) 18-44(구),유료,야간 미개방,무료,무료,37.544366,127.0547,성동구
공유) 17-41(구),유료,야간 미개방,무료,무료,37.53486632,127.0548677,성동구
공유) 20-33(구),유료,야간 미개방,무료,무료,37.56306251,127.0558935,성동구
공유) 18-41(구),유료,야간 미개방,무료,무료,37.54235667,127.0616167,성동구
공유) 17-16(구),유료,야간 미개방,무료,무료,37.53926471,127.0559997,성동구
공유) 20-11(구),유료,야간 미개방,무료,무료,37.56334919,127.0556778,성동구
공유) 17-37(구),유료,야간 미개방,무료,무료,37.53640621,127.0563376,성동구
공유) 18-18(구),유료,야간 미개방,무료,무료,37.54406,127.0597,성동구
공유) 17-11(구),유료,야간 미개방,무료,무료,37.53950343,127.0596029,성동구
공유) 20-21(구),유료,야간 미개방,무료,무료,37.56885991,127.0477492,성동구
공유) 17-24(구),유료,야간 미개방,무료,무료,37.53693368,127.0522338,성동구
공유) 20-13(구),유료,야간 미개방,무료,무료,37.56284742,127.0556134,성동구
공유) 17-13(구),유료,야간 미개방,무료,무료,37.5399746,127.0603986,성동구
공유) 20-23(구),유료,야간 미개방,무료,무료,37.56419963,127.0503509,성동구
공유) 20-15(구),유료,야간 미개방,무료,무료,37.5611478,127.0549517,성동구
공유) 17-40(구),유료,야간 미개방,무료,무료,37.53518691,127.0580562,성동구
공유) 19-19(구),유료,야간 미개방,무료,무료,37.55886716,127.0725435,성동구
공유) 17-12(구),유료,야간 미개방,무료,무료,37.5402268,127.0626034,성동구
공유) 17-25(구),유료,야간 미개방,무료,무료,37.5361127,127.0522553,성동구
공유) 18-32(구),유료,야간 미개방,무료,무료,37.54475,127.04989,성동구
공유) 18-33(구),유료,야간 미개방,무료,무료,37.54492,127.05184,성동구
공유) 19-17(구),유료,야간 미개방,무료,무료,37.55015382,127.0680831,성동구
공유) 20-14(구),유료,야간 미개방,무료,무료,37.559165,127.0543351,성동구
공유) 19-12(구),유료,야간 미개방,무료,무료,37.55523482,127.0700387,성동구
공유) 18-48(구),유료,야간 미개방,무료,무료,37.54201,127.05946,성동구
공유) 17-31(구),유료,야간 미개방,무료,무료,37.5379131,127.0564942,성동구
공유) 17-26(구),유료,야간 미개방,무료,무료,37.53600635,127.0507425,성동구
공유) 19-04(구),유료,야간 미개방,무료,무료,37.55268374,127.0672435,성동구
공유) 18-15(구),유료,야간 미개방,무료,무료,37.54557685,127.05996,성동구
공유) 18-34(구),유료,야간 미개방,무료,무료,37.54385125,127.052795,성동구
공유) 15-10(구),유료,야간 미개방,무료,무료,37.54025581,127.05057,성동구
공유) 17-38(구),유료,야간 미개방,무료,무료,37.53797917,127.057668,성동구
공유) 18-29(구),유료,야간 미개방,무료,무료,37.54359487,127.062258,성동구
공유) 18-36(구),유료,야간 미개방,무료,무료,37.543192,127.05594,성동구
공유) 18-40(구),유료,야간 미개방,무료,무료,37.54147,127.05952,성동구
공유) 18-45(구),유료,야간 미개방,무료,무료,37.54301,127.05918,성동구
공유) 18-46(구),유료,야간 미개방,무료,무료,37.542405,127.06118,성동구
국민대앞북악주차(구),유료,야간 미개방,무료,무료,37.609705,126.995319,성북구
비석거리 노상 공영주차장(구),유료,야간 미개방,무료,무료,37.49653536,127.1169093,송파구
문정골길 노상 공영주차장(구),유료,야간 미개방,무료,무료,37.48928325,127.1240112,송파구
새마을시장 노상공영주차장(구),유료,야간 미개방,무료,무료,37.5091049,127.0864779,송파구
공유) 신당5동 06(001~014구간)(구),유료,야간 미개방,무료,무료,37.5637816,127.0184376,중구
공유) 다산동 03(001~055구간)(구),유료,야간 미개방,무료,무료,37.5520607,127.0040006,중구
공유) 장충동 10(005~009구간)(구),유료,야간 미개방,무료,무료,37.5590239,127.0025653,중구
공유) 동화동 07(003~012구간)(구),유료,야간 미개방,무료,무료,37.5623649,127.0175338,중구
공유) 명동 08(001~003구간)(구),유료,야간 미개방,무료,무료,37.5626654,126.9891706,중구
공유) 광희동 01(001~007구간)(구),유료,야간 미개방,무료,무료,37.5635213,127.0058135,중구
공유) 필동로(구),유료,야간 미개방,무료,무료,37.5556823,126.9957202,중구
공유) 국립중앙의료원(구),유료,야간 미개방,무료,무료,37.567138,127.006581,중구
공유) 중림동 11(001~009구간)(구),유료,야간 미개방,무료,무료,37.5587425,126.9616145,중구
공유) 회현동 12(005~013구간)(구),유료,야간 미개방,무료,무료,37.5545871,126.9741326,중구
공유) 중림동 11(010~020구간)(구),유료,야간 미개방,무료,무료,37.5586998,126.9642864,중구
공유) 청구동 05(001~013구간)(구),유료,야간 미개방,무료,무료,37.5561714,127.01279,중구
공유) 광희동 01(014~019구간)(구),유료,야간 미개방,무료,무료,37.5632379,127.009942,중구
서소문 올리브타워 옆(구),유료,야간 미개방,무료,유료,37.5616966,126.973016,중구
공유) 중화2동 11구간(구),유료,야간 미개방,무료,무료,37.596838,127.071059,중랑구
공유) 면목5동 14구간(구),유료,야간 미개방,무료,무료,37.586376,127.08344,중랑구
공유) 면목본동 22구간(구),유료,야간 미개방,무료,무료,37.585882,127.08389,중랑구
공유) 면목2동 10구간(59~61)(구),유료,야간 미개방,무료,무료,37.58856,127.075969,중랑구
공유) 면목2동 10구간(25~27)(구),유료,야간 미개방,무료,무료,37.588154,127.074778,중랑구
세종로 공영주차장(시),유료,야간 미개방,무료,무료,37.57340269,126.9758843,종로구
서인사마당공영(구),유료,야간 미개방,무료,무료,37.57352191,126.9838041,종로구
종묘주차장 공영주차장(시),유료,야간 미개방,무료,무료,37.57150398,126.9949689,종로구
거주자우선(IOT공유)(구),유료,야간 미개방,무료,무료,37.4935345,126.9171997,영등포구
명광교회공영주차장(구),유료,야간 미개방,무료,무료,37.58674057,126.9964757,종로구
창신1동공영주차장(창일공영)(구),유료,야간 미개방,무료,무료,37.57488143,127.0150838,종로구
동묘공영주차장(구),유료,야간 미개방,무료,무료,37.57328256,127.0189327,종로구
다동공원 제4부지 공영주차장(구),유료,야간 미개방,무료,무료,37.56823533,126.9802511,중구
묵정공원지하 공영주차장(구),유료,야간 미개방,무료,무료,37.56379141,126.9997956,중구
초동 공영주차장(구),유료,야간 미개방,무료,무료,37.56416856,126.9921356,중구
동화동 공영주차장(구),유료,야간 미개방,무료,무료,37.56137409,127.0190004,중구
신당역 공영주차장(구),유료,야간 미개방,무료,무료,37.56535145,127.0206965,중구
성곽 공영주차장(구),유료,야간 미개방,무료,무료,37.55054127,127.0048432,중구
청구 공영주차장(구),유료,야간 미개방,무료,무료,37.55897429,127.0134054,중구
충현 공영주차장(구),유료,야간 미개방,무료,무료,37.55220869,127.0056811,중구
다산동 공영주차장(구),유료,야간 미개방,무료,무료,37.55454233,127.0085243,중구
버티 공영주차장(구),유료,야간 미개방,무료,무료,37.54909105,127.0059107,중구
동산 공영주차장(구),유료,야간 미개방,무료,무료,37.55634366,127.0159761,중구
서소문 삼성생명뒤 공영주차장(구),유료,야간 미개방,무료,무료,37.56174725,126.9743227,중구
문화공영주차장(구),유료,야간 미개방,무료,무료,37.55654107,127.0109609,중구
신당사거리 공영주차장(구),유료,야간 미개방,무료,무료,37.56512357,127.0170201,중구
약수동 공영주차장(구),유료,야간 미개방,무료,무료,37.55222214,127.0133576,중구
장충 공영주차장(구),유료,야간 미개방,무료,무료,37.56001,127.0013165,중구
손기정체육공원 공영주차장(구),유료,야간 미개방,무료,무료,37.55559696,126.964973,중구
서계동공영주차장(구),유료,야간 미개방,무료,무료,37.55163663,126.9643958,용산구
신창공영주차장(구),유료,야간 미개방,무료,무료,37.5353106,126.9552132,용산구
용문동 공영주차장(구),유료,야간 미개방,무료,무료,37.53894931,126.9575677,용산구
용산전자상가3(구),유료,야간 미개방,무료,무료,37.53258192,126.9603249,용산구
용산전자상가5(구),유료,야간 미개방,무료,무료,37.53381412,126.9634154,용산구
용산전자상가2(구),유료,야간 미개방,무료,무료,37.53266756,126.9630887,용산구
용산전자상가1(구),유료,야간 미개방,무료,무료,37.53204956,126.96478,용산구
한남유수지공영주차장(구),유료,야간 미개방,무료,무료,37.5298673,127.0074007,용산구
이태원2동 공영주차장(구),유료,야간 미개방,무료,무료,37.54036639,126.9926584,용산구
한강진 역공영주차장(시),유료,야간 미개방,무료,무료,37.53952176,127.0025796,용산구
용산주차빌딩 공영주차장(시),유료,야간 미개방,무료,무료,37.53436379,126.9654182,용산구
용산2가소월주차장(구),유료,야간 미개방,무료,무료,37.54621474,126.9855822,용산구
응봉동(건물) 공영주차장(구),유료,야간 미개방,무료,무료,37.55334376,127.0307424,성동구
도선동(지하) 공영주차장(구),유료,야간 미개방,무료,무료,37.565567,127.0316914,성동구
홍익동(건물) 공영주차장(구),유료,야간 미개방,무료,무료,37.5656391,127.033905,성동구
성수1가2동공영주차장(구),무료,야간 미개방,유료,유료,37.55002966,127.0497667,성동구
성수1가1동(건물) 공영주차장(구),유료,야간 미개방,무료,무료,37.53996228,127.0463849,성동구
성수2가3동(건물) 공영주차장(구),유료,야간 미개방,무료,무료,37.54913662,127.0551983,성동구
성수2가1동(건물) 공영주차장(구),유료,야간 미개방,무료,무료,37.53716718,127.0561968,성동구
강변(건물) 공영주차장(구),유료,야간 미개방,무료,무료,37.53696583,127.0490425,성동구
용답동(건물) 공영주차장(구),유료,야간 미개방,무료,무료,37.56458022,127.0543217,성동구
자양유수지 공영주차장(구),유료,야간 미개방,무료,무료,37.529677,127.077601,광진구
동서울 노외주차장(구),유료,야간 미개방,무료,유료,37.53352007,127.0913292,광진구
구의1동 공영주차장(구),유료,야간 미개방,무료,무료,37.53828214,127.0878917,광진구
능동공영주차장(구),유료,야간 미개방,무료,무료,37.55402859,127.0802703,광진구
자양4동 공영주차장(구),유료,야간 미개방,무료,무료,37.53867795,127.0682434,광진구
외대역주차빌딩 공영(구),유료,야간 미개방,무료,무료,37.59504107,127.0626248,동대문구
청량리동 노외주차장(구),유료,야간 미개방,무료,무료,37.58404715,127.0490188,동대문구
장영당길 공영주차장(구3동)(구),유료,야간 미개방,무료,무료,37.56865003,127.0531628,동대문구
동답 공영주차장(구),유료,야간 미개방,무료,무료,37.56938534,127.0635549,동대문구
청량리동 공영주차장(구),유료,야간 미개방,무료,무료,37.58544944,127.0445522,동대문구
늘봄주차장(구),유료,야간 미개방,무료,무료,37.58985533,127.0964356,중랑구
용마폭포공원공영주차장(구),유료,야간 미개방,무료,무료,37.57337582,127.0911424,중랑구
까치공원공영주차장(구),유료,야간 미개방,무료,무료,37.58344393,127.0873474,중랑구
원묵 고등학교 공용 지하주차장(구),유료,야간 미개방,유료,유료,37.61542338,127.0860494,중랑구
은행나무공영주차장(구),유료,야간 미개방,무료,무료,37.58701918,127.0914957,중랑구
면목5동공영주차장(구),유료,야간 미개방,무료,무료,37.58296438,127.080075,중랑구
봉화산역(남) 공영주차장(시),유료,야간 미개방,무료,무료,37.61642995,127.0919719,중랑구
동원시장공영주차장(구),유료,야간 미개방,무료,무료,37.58987969,127.0931487,중랑구
상봉2동공영주차장(구),유료,야간 미개방,무료,무료,37.59305102,127.084216,중랑구
중화1동공영주차장(구),유료,야간 미개방,무료,무료,37.60270927,127.0816571,중랑구
시네마빌딩공영주차장(구),유료,야간 미개방,무료,무료,37.59916723,127.014741,성북구
벤처빌딩(구),유료,야간 미개방,무료,무료,37.60939012,127.0532463,성북구
마을공원(구),유료,야간 미개방,무료,무료,37.61717024,127.0533551,성북구
대지시장길 공영주차장(구),유료,야간 미개방,무료,무료,37.62016376,127.0203164,강북구
동방고개(구),유료,야간 미개방,무료,무료,37.61469255,127.0410032,성북구
송중동 공영주차장(구),유료,야간 미개방,무료,무료,37.61165492,127.0336362,강북구
시범 공영주차장(구),유료,야간 미개방,무료,무료,37.64005648,127.0259585,강북구
오패산공영주차장(구),유료,야간 미개방,무료,무료,37.6221541,127.0311473,강북구
냉천길 공영주차장(구),유료,야간 미개방,무료,무료,37.62400561,127.0195385,강북구
인수동 공영주차장(구),유료,야간 미개방,무료,무료,37.63608367,127.0184499,강북구
쌍문2동 2공영주차장(구),유료,야간 미개방,무료,무료,37.65323992,127.0335551,도봉구
도봉2동 법조타운 공영주차장(구),유료,야간 미개방,무료,무료,37.67364352,127.0464697,도봉구
교통광장 공영주차장(구),유료,야간 미개방,무료,무료,37.663387,127.012621,강북구
창2동4공영주차장(구),유료,야간 미개방,무료,무료,37.64124421,127.0362985,도봉구
우이동 공영주차장(무인)(구),무료,야간 미개방,유료,유료,37.65671789,127.011637,강북구
동막골 (구),유료,야간 미개방,무료,유료,37.67528134,127.086413,노원구
수락산역 공영주차장(시),유료,야간 미개방,무료,무료,37.67902583,127.0559142,노원구
수색동공영주차장(구),유료,야간 미개방,무료,무료,37.58049896,126.8989315,은평구
창1동 1공영주차장(구),유료,야간 미개방,무료,무료,37.64713168,127.0371994,도봉구
창3동 1공영주차장(구),유료,야간 미개방,무료,무료,37.6331568,127.041342,도봉구
새장골공영주차장(구),유료,야간 미개방,무료,무료,37.62446275,126.9235464,은평구
건영백화점앞(구),유료,야간 미개방,무료,무료,37.63958481,127.0651987,노원구
등나무근린공원(구),유료,야간 미개방,무료,유료,37.64027756,127.0676992,노원구
응암3동 공동주차장(구),유료,야간 미개방,무료,무료,37.59345156,126.9153949,은평구
역말 공영주차장(구),유료,야간 미개방,무료,무료,37.607564,126.916549,은평구
충현동 제1거주자우선주차장(구),유료,야간 미개방,무료,무료,37.56518547,126.9646069,서대문구
갈현1동공영주차장(구),유료,야간 미개방,무료,무료,37.62648828,126.915338,은평구
마포유수지(시),유료,야간 미개방,무료,무료,37.53890027,126.9426686,마포구
상암1 공영주차장(구),유료,야간 미개방,무료,무료,37.57727445,126.8972079,마포구
목동공영주차장(구),유료,야간 미개방,무료,무료,37.52769446,126.8780567,양천구
망원1-1 공영주차장(구),유료,야간 미개방,무료,무료,37.55602414,126.9000466,마포구
염리 공영주차장(구),유료,야간 미개방,무료,무료,37.54199792,126.9452373,마포구
목2동 월촌(구),유료,야간 미개방,무료,무료,37.54595116,126.874623,양천구
성산2-1 공영주차장(구),유료,야간 미개방,무료,무료,37.56479289,126.9067217,마포구
한두공영주차장(구),유료,야간 미개방,무료,무료,37.54876937,126.8662288,양천구
우리공영주차장(구),유료,야간 미개방,무료,유료,37.53665073,126.8791772,양천구
웃우물 공영주차장(시),유료,야간 미개방,무료,무료,37.52379759,126.8514175,양천구
광장주차장(구),유료,야간 미개방,무료,유료,37.53545496,126.8793819,양천구
목동체비지 공영주차장(시),유료,야간 미개방,무료,무료,37.53679354,126.8806468,양천구
달마을주차장(구),유료,야간 미개방,무료,무료,37.54437302,126.8716376,양천구
망원2-1 공영주차장(구),유료,야간 미개방,무료,무료,37.55778757,126.9015162,마포구
한서 공영주차장(구),유료,야간 미개방,무료,무료,37.552871,126.9493333,마포구
목3동 해운주차장(구),유료,야간 미개방,유료,유료,37.54193427,126.8651302,양천구
등촌 2-1 공영주차장(구),유료,야간 미개방,유료,유료,37.54982067,126.8613437,강서구
방화역(서) 공영주차장(시),유료,야간 미개방,무료,무료,37.57757395,126.8121746,강서구
방화역(동) 공영주차장(시),유료,야간 미개방,무료,무료,37.57730116,126.8133148,강서구
개화산역 공영주차장(시),유료,야간 미개방,무료,무료,37.57224302,126.8051898,강서구
공항동(송정역)(시),유료,야간 미개방,무료,무료,37.56034439,126.8106649,강서구
가양3동 공영주차장(시),유료,야간 미개방,무료,유료,37.56033753,126.8597755,강서구
화곡 8-1 공영주차장(구),유료,야간 미개방,유료,유료,37.53851801,126.8488947,강서구
영보빌딩 공영주차장(시),유료,야간 미개방,무료,무료,37.56332959,126.8530818,강서구
구로5동마을공동주차장(구),유료,야간 미개방,유료,유료,37.50085864,126.8860481,구로구
구로3동마을주차장(구),유료,야간 미개방,유료,유료,37.48502453,126.8884429,구로구
구로리공원지하주차장(구),유료,야간 미개방,무료,무료,37.4908967,126.8916049,구로구
고척1동마을공동주차장(구),유료,야간 미개방,무료,무료,37.50228329,126.8639327,구로구
독산1동공영주차장(구),유료,야간 미개방,무료,무료,37.46497295,126.8948092,금천구
독산3동 공영주차장(구),유료,야간 미개방,무료,무료,37.4794979,126.9063548,금천구
구로2동 마을공동주차장(구),유료,야간 미개방,무료,무료,37.4914815,126.8883121,구로구
시흥1동 공영주차장(구),유료,야간 미개방,무료,무료,37.45065167,126.8967259,금천구
신길환승(5호선)(구),유료,야간 미개방,무료,무료,37.51775234,126.9146039,영등포구
영등포본동제1공영(구),유료,야간 미개방,무료,무료,37.51440196,126.9091795,영등포구
시흥3동 공영주차장(구),유료,야간 미개방,무료,무료,37.44294835,126.9057481,금천구
가산동공영주차장(구),유료,야간 미개방,무료,무료,37.47666086,126.8955775,금천구
상인회주차장(구),유료,야간 미개방,무료,무료,37.45327415,126.9033128,금천구
견인보관소 노외(구),유료,야간 미개방,무료,무료,37.48299347,126.8758199,금천구
문래근린공원 공영(구),유료,야간 미개방,무료,무료,37.51544615,126.8937947,영등포구
문래동공영(구),유료,야간 미개방,무료,무료,37.51631443,126.8877957,영등포구
영등포동제1공영(전통시장)(구),유료,야간 미개방,유료,무료,37.52091713,126.910092,영등포구
당산1동공영(구),유료,야간 미개방,무료,무료,37.52376124,126.8996074,영등포구
당산2동(구),유료,야간 미개방,무료,무료,37.52824898,126.9077945,영등포구
영등포동제2공영(구),유료,야간 미개방,무료,무료,37.523784,126.9085816,영등포구
신길4동 공영주차장(구),유료,야간 미개방,무료,무료,37.50528074,126.9120866,영등포구
대림3동 공영주차장(구),유료,야간 미개방,무료,무료,37.4980273,126.9004971,영등포구
대림2동공영(구),유료,야간 미개방,무료,무료,37.49153125,126.8997271,영등포구
도림초교공영(구),유료,야간 미개방,무료,무료,37.5081015,126.9074586,영등포구
대림1동공영(구),유료,야간 미개방,무료,무료,37.49314103,126.9016337,영등포구
도림동 공영주차장(구),유료,야간 미개방,무료,무료,37.50834696,126.8967964,영등포구
대림어린이공원 공영(구),유료,야간 미개방,무료,무료,37.49120884,126.9034886,영등포구
공유) 성대주차장(구),유료,야간 미개방,무료,무료,37.497255,126.933865,동작구
구릉주차장(구),유료,야간 미개방,무료,유료,37.49873369,126.9274502,동작구
공유) 은행나무골(구),유료,야간 미개방,무료,무료,37.481083,126.97161,동작구
서광주차장(구),유료,야간 미개방,무료,무료,37.48879884,126.9078418,동작구
대방생태공영주차장(구),유료,야간 미개방,무료,무료,37.50018478,126.9262925,동작구
신길4동1마을공원 공영(구),유료,야간 미개방,무료,무료,37.50718232,126.9117476,영등포구
원신공영주차장(구),유료,야간 미개방,무료,무료,37.469935,126.9292853,관악구
조원동 제1공영주차장(구),유료,야간 미개방,무료,무료,37.48108305,126.9057404,관악구
보라매제1공영주차장(구),유료,야간 미개방,무료,무료,37.48858808,126.9345485,관악구
대치2문화센터 공영주차장(구),유료,야간 미개방,무료,무료,37.50227954,127.0642044,강남구
행운동제1공영주차장(舊 봉천6동 까치공영주차장)(구),유료,야간 미개방,무료,무료,37.47993264,126.9606751,관악구
구룡산제2호(구),유료,야간 미개방,유료,유료,37.47725982,127.0664774,강남구
양재주차빌딩(구),유료,야간 미개방,무료,무료,37.47860952,127.0413691,서초구
일원역 공영주차장(시),유료,야간 미개방,무료,유료,37.48468629,127.0840899,강남구
탄천공영주차장(구),유료,야간 미개방,무료,무료,37.51441586,127.0662917,강남구
논현로32길15 공영주차장(구),유료,야간 미개방,무료,무료,37.48430646,127.0434181,강남구
도곡로 421 공영주차장(구),유료,야간 미개방,무료,무료,37.49782255,127.0564863,강남구
사당노외 공영주차장(시),유료,야간 미개방,무료,무료,37.47543791,126.9837737,서초구
개포동공원 공영주차장(구),유료,야간 미개방,무료,무료,37.48949036,127.0662384,강남구
대청역 공영주차장(구),유료,야간 미개방,무료,무료,37.49495555,127.0793237,강남구
구룡산제1호(구),유료,야간 미개방,유료,유료,37.47791276,127.0660547,강남구
이수 공영주차장(구),유료,야간 미개방,무료,무료,37.49609844,126.9852359,서초구
시민의숲 동측 공영주차장[양재시민의숲역 4호점](구),유료,야간 미개방,무료,무료,37.4723039,127.0382265,서초구
구룡공원 공영주차장(구),유료,야간 미개방,무료,무료,37.471637,127.048511,서초구
도곡로 327 공영주차장(구),유료,야간 미개방,무료,무료,37.496258,127.0517404,강남구
반포동 방음언덕형 공영주차장(구),유료,야간 미개방,무료,무료,37.50486336,127.0183587,서초구
중앙로공영주차빌딩(구),유료,야간 미개방,무료,무료,37.48225393,126.9920358,서초구
언남문화체육센터 공영주차장(구),유료,야간 미개방,무료,무료,37.47217874,127.0443181,서초구
강남치매지원센터 공영주차장(구),유료,야간 미개방,무료,무료,37.5102479,127.0464583,강남구
수서역북 공영주차장(시),유료,야간 미개방,무료,무료,37.48801285,127.09995,강남구
서초역 공영주차장(구),유료,야간 미개방,무료,무료,37.49053768,127.0089788,서초구
난곡동제1공영주차장(舊신림3동 공영주차장)(구),유료,야간 미개방,무료,무료,37.47220821,126.9231583,관악구
언구비 공영주차장(구),유료,야간 미개방,무료,무료,37.50474149,127.0209818,서초구
구룡공영주차빌딩(구),유료,야간 미개방,무료,무료,37.47419615,127.0459555,서초구
천호유수지 주차장(구),유료,야간 미개방,유료,유료,37.54482977,127.1218993,강동구
신천유수지 공영주차장(시),유료,야간 미개방,무료,무료,37.52231457,127.1029033,송파구
무궁화공영주차장(구),유료,야간 미개방,무료,무료,37.49237053,127.0167808,서초구
문정근린공원(구),유료,야간 미개방,무료,무료,37.48599491,127.1246487,송파구
교대역동측주차장(구),유료,야간 미개방,무료,무료,37.49383778,127.0155087,서초구
천호1동 공영주차장(구),유료,야간 미개방,무료,무료,37.54490883,127.1364169,강동구
반포둥근마을 공영주차장(구),유료,야간 미개방,무료,무료,37.50003784,127.0104628,서초구
동산마을 공영주차장(구),유료,야간 미개방,무료,무료,37.47009388,127.0443261,서초구
서래마을공영주차장(구),유료,야간 미개방,무료,무료,37.49715663,126.9987789,서초구
천호3동 공영주차장(구),무료,야간 미개방,유료,유료,37.53890256,127.1332549,강동구
방이동 공영주차장(구),유료,야간 미개방,무료,무료,37.51375908,127.1137851,송파구
명일동(구),유료,야간 미개방,무료,무료,37.55097027,127.1429222,강동구
복정역 공영주차장(시),유료,야간 미개방,무료,무료,37.47005293,127.1277329,송파구
아시아공원 공영주차장(구),유료,야간 미개방,무료,무료,37.5102769,127.078388,송파구
온조대왕 문화체육관옆(구),유료,야간 미개방,무료,유료,37.555803,127.156827,강동구
가락 1공영주차장(구),유료,야간 미개방,무료,무료,37.49442481,127.1188451,송파구
일원1동(기계식)(구),유료,야간 미개방,유료,유료,37.48948769,127.0817655,강남구
마천동 2공영주차장(구),유료,야간 미개방,무료,무료,37.49436437,127.1561092,송파구
남산한옥마을 공영주차장(시),유료,야간 미개방,무료,무료,37.56005799,126.9931608,중구
도봉산 공영주차장(시),유료,야간 미개방,무료,무료,37.6876442,127.0406603,도봉구
개운산(구),유료,야간 미개방,유료,유료,37.59688064,127.026406,성북구
필동 공영주차장(구),유료,야간 미개방,무료,무료,37.55660191,126.9958942,중구
천호역 공영주차장(시),유료,야간 미개방,무료,무료,37.53849749,127.1251285,강동구
삼전동공영주차장(구),유료,야간 미개방,무료,무료,37.50025109,127.0958954,송파구
안말(구),유료,야간 미개방,무료,무료,37.53150994,127.1299606,강동구
송파동 공영주차장(구),유료,야간 미개방,무료,무료,37.50704487,127.1133641,송파구
석촌고분 공영주차장(구),유료,야간 미개방,무료,무료,37.5019629,127.1022954,송파구
가락 2공영주차장(구),유료,야간 미개방,무료,무료,37.49483782,127.119624,송파구
거여동 공영주차장(구),유료,야간 미개방,무료,무료,37.49227702,127.1503834,송파구
풍납2 공영주차장(구),유료,야간 미개방,무료,무료,37.53604678,127.116075,송파구
풍납1공영주차장(구),유료,야간 미개방,무료,무료,37.53551936,127.1202916,송파구
공유) 대방동주민센터(8~22구간)(구),유료,야간 미개방,무료,무료,37.5074488,126.9263294,동작구
공유) 동작도서관(06~10구간)(구),유료,야간 미개방,무료,무료,37.50640367,126.940766,동작구
공유) 동작도서관(01~05구간)(구),유료,야간 미개방,무료,무료,37.50623522,126.9406153,동작구
공유) 동작도서관(16~19구간)(구),유료,야간 미개방,무료,무료,37.50676,126.941245,동작구
공유) 동작도서관(22~26구간)(구),유료,야간 미개방,무료,무료,37.506728,126.941458,동작구
공유) 등용로(구),유료,야간 미개방,무료,무료,37.51190914,126.931916,동작구
공유) 서울공고(93~94구간)(구),유료,야간 미개방,무료,무료,37.500392,126.922511,동작구
공유) 서울공고(95~99구간)(구),유료,야간 미개방,무료,무료,37.5004007,126.922199,동작구
공유) 장승배기로D(구),유료,야간 미개방,무료,무료,37.502943,126.939924,동작구
공유) 사당동 남일교회(1~19 구간)(구),유료,야간 미개방,무료,무료,37.4880271,126.9788722,동작구
공유) 서울공고(100~104구간)(구),유료,야간 미개방,무료,무료,37.5004036,126.922095,동작구
공유) 서울공고(110~114구간)(구),유료,야간 미개방,무료,무료,37.500421,126.921471,동작구
공유) 서울공고(105~109구간)(구),유료,야간 미개방,무료,무료,37.5004094,126.921887,동작구
공유) 사당3동 다112(구),유료,야간 미개방,무료,무료,37.4860487,126.9728352,동작구
공유) 동작도서관(67~70구간)(구),유료,야간 미개방,무료,무료,37.506008,126.9406307,동작구
공유) 동작도서관(71~76구간)(구),유료,야간 미개방,무료,무료,37.50617667,126.9404327,동작구
공유) 상도동 134번지 일대(102~123구간)(구),유료,야간 미개방,무료,무료,37.4976184,126.9536011,동작구
공유) 상도래미안(60~70구간)(구),유료,야간 미개방,무료,무료,37.5064223,126.9353749,동작구
공유) 장승배기로C(구),유료,야간 미개방,무료,무료,37.50250925,126.9402363,동작구
공유) 장승배기로B(구),유료,야간 미개방,무료,무료,37.50230825,126.9404043,동작구
공유) 장승배기로A(구),유료,야간 미개방,무료,무료,37.50221,126.940515,동작구
테헤란로78길(구),유료,야간 미개방,유료,유료,37.505566,127.055468,강남구
공유) 22-29(구),유료,야간 미개방,유료,유료,37.578564,126.812323,강서구
영동대로86길(구),유료,야간 미개방,유료,유료,37.508478,127.066642,강남구
적선동 버스전용 주차장(시),유료,야간 미개방,무료,무료,37.574712,126.974244,종로구
마장동 공영주차장(시),유료,야간 미개방,무료,무료,37.569138,127.034777,성동구
남산소파길 공영주차장(시),유료,야간 미개방,무료,무료,37.55706065,126.985953,중구
공유) 대림역 4번출구 (구),유료,야간 미개방,무료,무료,37.49418056,126.8932898,구로구
공유) 구로5동 주민센터(구),유료,야간 미개방,무료,무료,37.499947,126.888588,구로구
공유) 구로중앙로28길(구),유료,야간 미개방,무료,무료,37.4991995,126.8872005,구로구
고척리본타운주차장(구),유료,야간 미개방,무료,무료,37.505144,126.857434,구로구
공유) 능동로24길 IoT 공유주차장(구),유료,야간 미개방,무료,무료,37.55208,127.07901,광진구
대흥공영주차장(구),유료,야간 미개방,무료,무료,37.556133,126.945174,마포구
망원나들목공영주차장A동(구),유료,야간 미개방,무료,무료,37.553052,126.90051,마포구
신길역사(1번출구) 거주자우선주차장(구),유료,야간 미개방,무료,무료,37.51632409,126.9173971,영등포구
살피재 공유주차장(구),유료,야간 미개방,무료,무료,37.4972766,126.95394,동작구
살피재 주차장(구),유료,야간 미개방,무료,무료,37.4972758,126.953904,동작구
은평한문화공영주차장(구),유료,야간 미개방,유료,유료,0,0,은평구
공유) 창신동 49번~53번(창삼 제1공영주차장)(구),유료,야간 미개방,무료,무료,37.575867,127.012512,종로구
공유) 삼청동 주민센터(구),유료,야간 미개방,무료,무료,37.584849,126.981906,종로구
공유) 19-02(구),유료,야간 미개방,무료,무료,37.54945149,127.064395,성동구
공유) 14-02(구),유료,야간 미개방,무료,무료,37.54367961,127.0165213,성동구
공유) 19-01(구),유료,야간 미개방,무료,무료,37.54879226,127.0630485,성동구
공유) 03-15(구),유료,야간 미개방,무료,무료,37.56679769,127.0335764,성동구
공유) 03-20(구),유료,야간 미개방,무료,무료,37.56428676,127.0354557,성동구
공유) 18-05(구),유료,야간 미개방,무료,무료,37.548245,127.0564347,성동구
공유)  17-29(구),유료,야간 미개방,무료,무료,37.53601,127.05373,성동구
남산예장 관광버스전용 주차장(시),유료,야간 미개방,무료,무료,37.559821,126.989076,중구
장안1동 공영주차장(시),유료,야간 미개방,무료,무료,37.56941,127.066994,동대문구
공유) 성북구 복사골 주차장(구),유료,야간 미개방,무료,무료,37.594806,126.993478,성북구
공유) 성북구 도담도담 주차장(구),유료,야간 미개방,무료,무료,37.594584,126.993775,성북구
공유) 성북구 심우장 주차장(구),유료,야간 미개방,무료,무료,37.594546,126.994284,성북구
면목유수지 공영주차장(시),유료,야간 미개방,무료,무료,37.579494,127.081451,중랑구
공유) 중화2동 21구간(구),유료,야간 미개방,무료,무료,37.594142,127.072193,중랑구
공유) 화랑마을 공영(구),유료,야간 미개방,무료,무료,37.608739,127.080165,중랑구
공유) 용마산로524 공영(구),유료,야간 미개방,무료,무료,37.597816,127.100005,중랑구
DDP 패션몰 앞 관광버스 주차허용 구간(시),무료,야간 미개방,유료,유료,37.56786348,127.0114714,중구
성촌공원 남측 관광버스 주차허용 구간(시),무료,야간 미개방,유료,유료,37.53056542,126.9539125,용산구
성암로 관광버스 주차허용 구간(시),무료,야간 미개방,유료,유료,37.581002,126.892587,마포구
이태원 입구 관광버스 승하차 허용 구간(시),무료,야간 미개방,유료,유료,37.53413639,126.9892919,용산구
신세계면세점 명동점 앞 관광버스 승하차 허용 구간(시),무료,야간 미개방,유료,유료,37.56002165,126.9811522,중구
옥수유수지(평면) 공영주차장(구),유료,야간 미개방,무료,무료,37.541363,127.018293,성동구
공유) 19-21(구),유료,야간 미개방,무료,무료,37.550551,127.067161,성동구
공유) 동작도서관(11~15구간)(구),유료,야간 미개방,무료,무료,37.506775,126.941013,동작구
응봉동(평면) 공영주차장(구),유료,야간 미개방,무료,무료,37.549237,127.033572,성동구
뚝섬유수지(평면) 공영주차장(구),유료,야간 미개방,무료,무료,37.54982,127.041794,성동구
공유) 04-03(구),유료,야간 미개방,무료,무료,37.57153844,127.0363513,성동구
공유) 05-04(구),유료,야간 미개방,무료,무료,37.558425,127.039525,성동구
공유) 05-09(구),유료,야간 미개방,무료,무료,37.5644921,127.0472641,성동구
공유) 05-10(구),유료,야간 미개방,무료,무료,37.56016,127.048561,성동구
공유) 08-03(구),유료,야간 미개방,무료,무료,37.55237,127.03148,성동구
공유) 10-01(구),유료,야간 미개방,무료,무료,37.55423177,127.0170164,성동구
공유) 15-21(구),유료,야간 미개방,무료,무료,37.53743,127.04596,성동구
공유) 19-20(구),유료,야간 미개방,무료,무료,37.55783219,127.0721717,성동구
공유) 19-03(구),유료,야간 미개방,무료,무료,37.55121223,127.0661277,성동구
공유) 17-33(구),유료,야간 미개방,무료,무료,37.53674487,127.0594351,성동구
공유) 17-27(구),유료,야간 미개방,무료,무료,37.53542783,127.0528883,성동구
공유) 17-18(구),유료,야간 미개방,무료,무료,37.53925655,127.0600289,성동구
가오천 노상공영(구),유료,야간 미개방,무료,무료,37.6436257,127.0240783,강북구
아카데미 노상공영(구),유료,야간 미개방,무료,무료,37.64431926,127.0043915,강북구
화곡1-1 공영주차장(구),유료,야간 미개방,유료,유료,37.53142687,126.839887,강서구
곰달래 문화복지센터 공영주차장(구),유료,야간 미개방,유료,유료,37.52904612,126.8488608,강서구
홍은 1동 제4 공영 주차장(구),유료,야간 미개방,무료,무료,37.60142195,126.9489426,서대문구
창천중교 공영주차장(구),유료,야간 미개방,무료,무료,37.55473789,126.9394374,마포구
도화 공영주차장(구),유료,야간 미개방,무료,무료,37.54155295,126.9499337,마포구
빨래골 노상공영(구),유료,야간 미개방,무료,무료,37.63172752,127.0183421,강북구
면목2동공영주차장(구),유료,야간 미개방,무료,무료,37.58795027,127.0808579,중랑구
목동노외 공영주차장(시),유료,야간 미개방,무료,유료,37.53344049,126.8766097,양천구
중곡3동 마을공원 주차장(구),유료,야간 미개방,무료,무료,37.56993873,127.0846931,광진구
도화공영주차장(구),유료,야간 미개방,무료,무료,37.49982342,126.9355137,동작구
부군당길공영주차장(구),유료,야간 미개방,무료,무료,37.57823238,127.0546185,동대문구
구산동 마을공원 지하공동주차장(구),유료,야간 미개방,무료,무료,37.61473937,126.9084649,은평구
구세군길 공영주차장(무인)(구),유료,야간 미개방,무료,무료,37.62617605,127.0134424,강북구
가오리 공영주차장(구),유료,야간 미개방,무료,무료,37.64160736,127.0149816,강북구
삼양시장길 공영주차장(무인)(구),무료,야간 미개방,유료,유료,37.6259019,127.0157754,강북구
삼양마을공원지하 공영주차장(구),유료,야간 미개방,무료,무료,37.62274538,127.0184279,강북구
색동공원 공영주차장(구),유료,야간 미개방,무료,무료,37.63322721,127.0207105,강북구
비봉주차장(구),유료,야간 미개방,무료,무료,37.61217999,126.9565353,종로구
신도림역환승주차장(구),유료,야간 미개방,무료,무료,37.50733447,126.8916532,구로구
구로아트밸리 지하주차장(구),유료,야간 미개방,무료,무료,37.4969958,126.8895983,구로구